19th Floor - Bobby Richards,"[ 0.02691766  0.01892286  0.01095054 ... -0.00640842  0.00021915
 -0.02442983]"
19th Floor - Bobby Richards,"[-1.8636630e-01 -1.8697366e-01 -1.4328650e-01 ... -9.4660591e-06
 -9.3302833e-06 -5.0460467e-06]"
2022 로스트아크 콘서트,"[ 0.          0.          0.         ... -0.02561669 -0.03032651
 -0.03443858]"
2022 로스트아크 콘서트,"[ 0.05731506  0.05283755  0.0511737  ... -0.19999813 -0.21734017
 -0.2435208 ]"
2022 로스트아크 콘서트,"[-0.12164684 -0.11191734 -0.05934257 ... -0.01605231 -0.03417119
 -0.07287958]"
2022 로스트아크 콘서트,"[-0.05820646 -0.08051047 -0.0811794  ...  0.0250179  -0.0070122
 -0.03894392]"
2022 로스트아크 콘서트,"[-0.03905305 -0.03128339 -0.01173355 ...  0.08543334  0.13900283
  0.20143062]"
A Fool's Theme - Brian Bolger,[0.01099467 0.01320873 0.01076368 ... 0.0162899  0.02227557 0.02300867]
A Fool's Theme - Brian Bolger,"[ 0.02471135  0.03171972  0.0317353  ... -0.02231226 -0.01273612
  0.01021814]"
A Year Ago (Instrumental) - NEFFEX,"[1.8545581e-06 1.6032741e-06 1.4153852e-06 ... 2.9991360e-02 2.1749383e-02
 6.4160571e-02]"
A Year Ago (Instrumental) - NEFFEX,[0.05415333 0.03019247 0.04614691 ... 0.08201233 0.11347944 0.15339646]
A Year Ago - NEFFEX,"[ 0.00145911  0.00122926  0.00094624 ...  0.21871215 -0.05898359
 -0.31747103]"
A Year Ago - NEFFEX,"[-0.3197035  -0.04449736 -0.09884045 ... -0.12471272 -0.11582894
 -0.15944381]"
Addict (Instrumental) - NEFFEX,"[ 0.          0.          0.         ... -0.03526758 -0.03071757
 -0.05549267]"
Addict (Instrumental) - NEFFEX,"[-0.04767669 -0.02180663 -0.0115267  ...  0.04453549  0.01682302
  0.05784569]"
Addict (Instrumental) - NEFFEX,"[ 0.12439175  0.08601829  0.0592296  ... -0.07139692 -0.10768399
 -0.17264053]"
Addict - NEFFEX,"[1.4463745e-05 1.6406137e-05 5.5806369e-05 ... 7.9176739e-02 5.0052408e-02
 4.6359140e-02]"
Addict - NEFFEX,"[ 0.09432783  0.07339717  0.10747074 ... -0.10956874 -0.12533493
 -0.07989309]"
Addict - NEFFEX,"[-0.0026664   0.11406697  0.04044092 ... -0.02857617 -0.04617168
 -0.07481112]"
Anomalous Hedges - Mini Vandals,"[ 1.4611039e-06  1.0073148e-06  2.3384905e-07 ... -1.8258868e-02
 -1.6467970e-02 -1.7283078e-02]"
Anomalous Hedges - Mini Vandals,"[-0.00073123  0.00734855  0.01042014 ... -0.03392604 -0.0357153
 -0.03621885]"
Anomalous Hedges - Mini Vandals,"[ 0.02155677  0.02020503  0.02063811 ... -0.0258254  -0.02997011
 -0.03819419]"
Anomalous Hedges - The Mini Vandals,"[ 1.4611039e-06  1.0073148e-06  2.3384905e-07 ... -1.8258868e-02
 -1.6467970e-02 -1.7283078e-02]"
Anomalous Hedges - The Mini Vandals,"[-0.00073123  0.00734855  0.01042014 ... -0.03392604 -0.0357153
 -0.03621885]"
Anomalous Hedges - The Mini Vandals,"[ 0.02155677  0.02020503  0.02063811 ... -0.0258254  -0.02997011
 -0.03819419]"
As You Fade Away - NEFFEX,[0.00121245 0.00212085 0.00283197 ... 0.09108675 0.0407122  0.05072213]
As You Fade Away - NEFFEX,"[-0.00999048  0.14962366  0.19829382 ... -0.00144289 -0.00166349
 -0.0037639 ]"
As You Fade Away - NEFFEX,"[ 0.04235423  0.0220522   0.01528003 ...  0.0263777  -0.0190681
 -0.11640687]"
As You Fade Away - NEFFEX,"[-0.27563947 -0.12977925 -0.00853975 ... -0.00750853 -0.02196417
 -0.02511277]"
Awful - josh pan,"[-0.00010501 -0.00010627 -0.0001032  ... -0.07492166 -0.07699788
 -0.07930316]"
Awful - josh pan,"[-0.07036133 -0.06649152 -0.06283312 ...  0.01297283  0.01309637
  0.01309086]"
Awful - josh pan,"[-0.00420226 -0.0037275  -0.00569447 ... -0.12370186 -0.09678992
 -0.10790157]"
Backwoods BBQ - Chris Haugen,"[1.9287812e-05 2.1605572e-05 2.0416779e-05 ... 4.2269621e-02 3.5483688e-02
 4.4134784e-02]"
Bay Street Billionaires - Squadda B,"[7.0094669e-05 7.1682160e-05 7.5607233e-05 ... 4.2243715e-02 2.1982878e-02
 4.5924116e-02]"
Bay Street Billionaires - Squadda B,"[ 0.04799029  0.04978316  0.07399722 ... -0.07746854  0.03317737
  0.06240785]"
Baym Rebin in Palestina - E's Jammy Jams,"[ 0.0000000e+00 -2.2592443e-17  1.7844447e-16 ... -1.6571902e-02
 -1.7696470e-02 -1.2840060e-02]"
Baym Rebin in Palestina - E's Jammy Jams,[0.03073969 0.02923693 0.03140824 ... 0.03535666 0.02460769 0.03051633]
Baym Rebin in Palestina - E's Jammy Jams,[0.02418439 0.01091336 0.01915408 ... 0.05276988 0.05202323 0.06672879]
Baym Rebin in Palestina - E's Jammy Jams,"[ 0.08684185  0.05545143  0.05536343 ...  0.00110707  0.00069003
 -0.00080005]"
Baym Rebin in Palestina - E's Jammy Jams,"[-4.9114889e-03 -4.1733072e-03 -7.5439205e-03 ... -6.3148484e-08
 -1.0908631e-07 -2.5772491e-07]"
Believe (Instrumental) - NEFFEX,"[ 1.6044153e-09 -4.1762813e-10 -1.3180671e-09 ... -2.0416934e-02
 -2.4652770e-02 -3.1360574e-02]"
Believe (Instrumental) - NEFFEX,[0.01382196 0.01297032 0.00586139 ... 0.22252148 0.23763855 0.1837535 ]
Believe - NEFFEX,"[ 2.8353903e-05  4.6988891e-05  4.8603626e-05 ... -4.2798542e-03
 -5.3570489e-03 -8.7476596e-03]"
Believe - NEFFEX,"[ 0.01408951  0.03028988  0.03389391 ... -0.04399849 -0.0865411
 -0.06576656]"
Birdseye Blues - Chris Haugen,"[-3.4551416e-05 -3.8376988e-05 -5.0051320e-05 ...  9.1903415e-03
  3.4154532e-03  5.1402068e-03]"
Bite Me (Clean) - NEFFEX,"[-0.00024721 -0.00027422 -0.00028122 ... -0.01263607 -0.00233521
 -0.01920554]"
Bite Me (Clean) - NEFFEX,"[-0.05883986 -0.02796524 -0.03957027 ...  0.05038838  0.05452198
  0.0365531 ]"
Bite Me (Clean) - NEFFEX,"[ 0.00230083 -0.00897853  0.01377137 ... -0.04490095  0.06235327
  0.19067062]"
Bite Me (Instrumental) - NEFFEX,"[-0.00032649 -0.00038416 -0.00042754 ... -0.0033308  -0.00160304
 -0.00038335]"
Bite Me (Instrumental) - NEFFEX,"[-2.3822466e-05  8.2425622e-04  2.5559423e-04 ...  1.0921311e-03
  2.3933683e-04 -1.0151986e-03]"
Bite Me (Instrumental) - NEFFEX,"[-0.00102244 -0.00062684 -0.00098706 ...  0.05136257  0.04242037
  0.06216748]"
Bite Me - NEFFEX,"[ 0.02749093  0.02692196  0.02442526 ... -0.40136394 -0.2552957
 -0.26232314]"
Bite Me - NEFFEX,"[-0.32654318 -0.22426456 -0.20425864 ...  0.00138049 -0.02350631
 -0.00345801]"
Bite Me - NEFFEX,[0.05663695 0.04868767 0.06606147 ... 0.0664022  0.06328517 0.09177037]
Black Mass - Brian Bolger,"[-2.8721654e-08 -3.4818662e-08 -3.0584399e-08 ... -1.4892949e-02
 -1.6704502e-02 -1.8616954e-02]"
Black Mass - Brian Bolger,[0.02600283 0.03161782 0.03555409 ... 0.01605558 0.02983534 0.05628537]
Blue Day - Freedom Trail Studio,"[ 1.0499694e-05 -6.4986179e-06 -2.7685028e-06 ... -1.4218016e-01
 -9.7134784e-02 -1.7284299e-01]"
Blue Day - Freedom Trail Studio,"[-0.18859287 -0.07711281 -0.04270055 ... -0.05664504 -0.03886351
 -0.07031982]"
Blue Mood - Robert Munzinger,"[ 0.01423059  0.01458402  0.01436002 ... -0.25192752 -0.1766355
 -0.11195844]"
Blue Mood - Robert Munzinger,"[-0.17833707 -0.14315304 -0.05455197 ... -0.00546206 -0.0075201
 -0.01227986]"
Blue Mood - Robert Munzinger,"[-0.00264022 -0.00689156 -0.01365149 ... -0.02552105  0.00025769
 -0.01867957]"
Blue Mood - Robert Munzinger,"[-0.04804279 -0.02048876 -0.05685716 ... -0.02266923 -0.02235741
 -0.01981613]"
Blue Mood - Robert Munzinger,"[-0.01806606 -0.01934478 -0.01926095 ... -0.02636764 -0.02756514
 -0.01566796]"
Blue Mood - Robert Munzinger,[0.03582688 0.02409354 0.04252802 ... 0.00024924 0.00079616 0.00147945]
Bonfire - An Jone,"[-0.00041868 -0.00034537 -0.00031289 ... -0.06588835 -0.08164042
 -0.10404987]"
Bonfire - An Jone,"[-0.26548916 -0.24269408 -0.22693908 ...  0.04754464  0.06334697
  0.09128438]"
Bonfire - An Jone,[0.06765648 0.05685128 0.04669197 ... 0.00690621 0.01044891 0.01495119]
Bop Walker - Freedom Trail Studio,"[ 7.8731472e-07  3.0494948e-06 -2.8163572e-06 ... -3.3734776e-02
 -2.5307039e-02 -2.1497712e-02]"
Bop Walker - Freedom Trail Studio,[0.01424454 0.02316299 0.02138682 ... 0.00224228 0.00400369 0.01089136]
Born a Rockstar (Instrumental) - NEFFEX,"[7.8051096e-05 7.6844990e-05 6.4865140e-05 ... 1.2236668e-01 9.4756998e-02
 8.7943643e-02]"
Born a Rockstar (Instrumental) - NEFFEX,"[ 0.22949354  0.18766446  0.20701262 ...  0.01366944  0.00648439
 -0.06399754]"
Born a Rockstar (Instrumental) - NEFFEX,"[-0.13969043 -0.09089943 -0.07411969 ...  0.11394136  0.12101781
  0.11521541]"
Born a Rockstar - NEFFEX,[0.00648662 0.00913481 0.01021127 ... 0.11549628 0.04587176 0.11529525]
Born a Rockstar - NEFFEX,[0.317452   0.30709448 0.2893681  ... 0.12625986 0.16159984 0.24944864]
Born a Rockstar - NEFFEX,"[ 0.2574542   0.21375681  0.18135057 ... -0.10756277 -0.07967523
 -0.10716043]"
Break Your Lock and Key - Mini Vandals,"[-7.8322353e-07 -6.0237335e-07  1.6004533e-06 ...  2.7030971e-02
  3.2666434e-02  1.9655690e-02]"
Break Your Lock and Key - Mini Vandals,"[-0.01523226  0.00851046  0.02187862 ...  0.07348181  0.05235307
  0.07530085]"
Breatha - josh pan,"[-0.00144355 -0.00140255 -0.00134627 ...  0.11378226  0.11324319
  0.11239825]"
Breatha - josh pan,"[-0.02364637 -0.01993216 -0.01670106 ... -0.00812438 -0.00680283
 -0.00722805]"
Breatha - josh pan,"[-4.6315761e-03 -3.2595762e-03 -4.1461308e-03 ... -3.3567676e-06
  4.2695829e-06 -3.4350292e-06]"
Breeze - Telecasted,"[ 1.8786193e-06  2.7939728e-05 -2.3412176e-05 ... -6.7759797e-02
 -4.9490079e-02 -7.0076123e-02]"
Breeze - Telecasted,"[-0.08347113 -0.05436685 -0.05580543 ...  0.0050231   0.00260326
 -0.00802866]"
Broken Ladder - Jeremy Black,"[1.6118302e-05 2.5697012e-05 2.5898430e-06 ... 2.3696369e-02 2.6780026e-02
 3.6549312e-03]"
Broken Ladder - Jeremy Black,"[-0.034175   -0.03837349 -0.05730949 ... -0.09556198 -0.05121491
 -0.04183839]"
Broken Ladder - Jeremy Black,"[-0.00848245 -0.09818882 -0.15080407 ...  0.07377532  0.05943402
  0.10447888]"
Broken Ladder - Jeremy Black,[0.16939119 0.1284582  0.15083553 ... 0.16645761 0.15146105 0.19396801]
BSC State of Mind - Squadda B,"[ 0.00079185  0.00011879 -0.00020047 ...  0.00105777  0.00092943
  0.00171201]"
BSC State of Mind - Squadda B,"[ 6.0733501e-03  5.7044406e-03  2.4566879e-03 ...  7.2005096e-06
 -4.0062641e-06  6.8198766e-05]"
Built to Last (Instrumental) - NEFFEX,"[ 0.          0.          0.         ... -0.03234379 -0.03722756
 -0.04325523]"
Built to Last (Instrumental) - NEFFEX,"[-0.03555544 -0.02733645 -0.02188719 ... -0.01984567 -0.01776401
 -0.01790761]"
Burbank Late Nights - Squadda B,"[-0.0020014  -0.00181041 -0.00135232 ...  0.05451733  0.05095026
  0.05891757]"
Burbank Late Nights - Squadda B,[0.01522545 0.01717967 0.0252242  ... 0.05318857 0.04968274 0.05934879]
Busy City - TrackTribe,"[ 0.02029718  0.02126107  0.02129533 ... -0.00211274 -0.00263905
 -0.0055087 ]"
Busy City - TrackTribe,"[-0.02821143 -0.02559277 -0.01843849 ...  0.00436662 -0.01124604
 -0.00425933]"
By the Fireplace - TrackTribe,"[-1.11221070e-05 -8.10487836e-06 -1.36797335e-05 ... -4.48066462e-03
 -6.60311431e-04 -4.60190838e-03]"
By the Fireplace - TrackTribe,"[-0.00164763 -0.00025124 -0.00082863 ...  0.00420371  0.00961722
  0.01238779]"
By the Fireplace - TrackTribe,"[ 0.0059844   0.00291853  0.00666255 ...  0.01280342 -0.0270179
  0.03550456]"
By the Fireplace - TrackTribe,"[-0.03511943  0.02927668 -0.0122216  ... -0.00026986 -0.00055688
 -0.00076918]"
Campfire - Telecasted,"[-1.7227430e-06 -2.0176390e-06 -2.3929729e-06 ...  1.9455574e-02
  1.3314125e-02  2.8016610e-04]"
Cattle - Telecasted,"[ 2.1671633e-05  2.8063962e-05  3.0561132e-05 ... -3.7249075e-03
  2.8564304e-03 -1.4509363e-02]"
"Chasing the Dragons - Joel Cummins, Kris Myers, Andy Farag","[ 2.1859964e-06 -9.4499364e-07 -6.5039444e-07 ...  2.4961196e-02
  3.1763628e-02  2.5697155e-02]"
Chocolate Cookie Jam - An Jone,"[-8.0213783e-07  1.1990198e-07 -1.2959168e-06 ... -2.6826293e-03
 -8.1007779e-03 -1.5643710e-02]"
Chocolate Cookie Jam - An Jone,"[-0.04902878 -0.04412377 -0.05230689 ...  0.03212344  0.02905608
  0.03733505]"
Chocolate Cookie Jam - An Jone,"[ 0.02955084  0.02223519  0.01836901 ... -0.14836346 -0.12890491
 -0.15814735]"
Clean and Dance - An Jone,"[-7.0915041e-07  1.1265568e-06 -1.4051086e-06 ...  3.6527895e-04
  3.0269311e-04 -2.8829789e-04]"
Clean and Dance - An Jone,"[-0.15301359 -0.13315152 -0.09341441 ...  0.03442387  0.02289169
  0.04676567]"
Clean and Dance - An Jone,[0.03833751 0.03313419 0.02257692 ... 0.06135725 0.0687386  0.06524356]
Commander Impulse - DivKid,"[-0.01323748  0.00762124  0.03072719 ... -0.03514131 -0.02354569
 -0.03459397]"
Commander Impulse - DivKid,"[-0.09061803 -0.0707894  -0.050912   ... -0.013175   -0.0098713
 -0.0088117 ]"
Commander Impulse - DivKid,"[ 4.3525081e-02  6.5436289e-02  8.5208260e-02 ... -3.0958217e-06
  2.3155344e-05 -2.2264378e-05]"
Cosmic Drift - DivKid,"[-0.11141691 -0.10126114 -0.11069822 ... -0.0250453   0.00505314
  0.10653671]"
Cosmic Drift - DivKid,"[-0.06357058 -0.17735153 -0.07248761 ...  0.07684363  0.0803685
  0.08358296]"
County Lines - Telecasted,"[-4.4969420e-06 -3.8978565e-06 -1.2651041e-07 ...  2.1726647e-02
  2.3758529e-02  1.1738218e-02]"
County Lines - Telecasted,"[-0.03340932 -0.00965808 -0.01688484 ...  0.0867245   0.10839745
  0.1391502 ]"
Crops - Telecasted,"[-4.0488585e-06 -2.2461791e-06 -3.0034939e-06 ... -7.4534208e-02
 -6.5602168e-02 -6.1934277e-02]"
Crops - Telecasted,[0.03460738 0.0555573  0.07224206 ... 0.05838975 0.05831383 0.06782105]
Cumbia City - An Jone,"[ 4.7443127e-06  1.0047318e-06 -5.5418236e-06 ...  5.4062810e-02
  3.6949392e-02  3.5705194e-02]"
Dead Forest - Brian Bolger,"[ 0.05324694  0.0678924   0.04567156 ...  0.00862469 -0.00486138
 -0.02595113]"
Dead Forest - Brian Bolger,"[-0.03727858 -0.02346274 -0.02092139 ...  0.01401439  0.01763527
  0.0217628 ]"
Depth Fuse - French Fuse,[0.         0.         0.         ... 0.02535233 0.01584199 0.024301  ]
Der König - Jeremy Black,"[-0.00136677 -0.00150194 -0.00112118 ...  0.00884567  0.00765721
 -0.00060624]"
Der König - Jeremy Black,"[-0.00882245 -0.000857   -0.01226985 ... -0.01964382 -0.02366124
 -0.00603473]"
Der König - Jeremy Black,"[-0.00014911 -0.01066668 -0.01660339 ...  0.00293709  0.00322074
  0.00349778]"
Digifunk - DivKid,"[-0.00578741 -0.0057994  -0.00530318 ... -0.00174037 -0.00089239
  0.01344571]"
Digifunk - DivKid,[0.03861662 0.02834466 0.03177035 ... 0.01127432 0.01152581 0.02526716]
Digifunk - DivKid,"[ 0.03492992  0.03564488  0.0487991  ... -0.00840282 -0.00738895
 -0.0078903 ]"
Digital Ghosts - Unicorn Heads,[0.06354409 0.06238483 0.06115711 ... 0.02235386 0.0229     0.02107086]
Digital Ghosts - Unicorn Heads,"[-0.1499958  -0.1570777  -0.16273455 ...  0.00179103  0.00101698
 -0.00228522]"
Digital Ghosts - Unicorn Heads,"[-0.00068811 -0.00034385 -0.00132999 ...  0.0053098   0.00419378
  0.00913623]"
Digital Ghosts - Unicorn Heads,"[ 0.00420644  0.00212931  0.00554542 ... -0.00127139  0.00227161
  0.00208956]"
Digital Ghosts - Unicorn Heads,"[-0.01973703 -0.01173903 -0.00732377 ...  0.03139035  0.04175593
  0.07146101]"
Digital Ghosts - Unicorn Heads,"[ 0.04274886  0.03012507  0.03026017 ...  0.02771127  0.01498025
 -0.00525088]"
Digital Ghosts - Unicorn Heads,"[-0.12062421 -0.10168193 -0.08867511 ... -0.04522481 -0.05136629
 -0.05682639]"
Disco Climax - An Jone,"[ 0.00076609  0.00098498  0.00081287 ... -0.00791505 -0.00877241
 -0.01483805]"
Disco Climax - An Jone,"[-0.00562139 -0.00269031 -0.00783988 ...  0.05387301  0.04395583
  0.04545072]"
Disco Climax - An Jone,"[-0.00334708 -0.00799108  0.00035187 ... -0.01358383 -0.01795684
  0.00244485]"
Don't Wanna Let Myself Down (Instrumental) - NEFFEX,"[ 1.0786249e-05 -2.1414432e-07 -1.2819094e-05 ...  9.0208306e-04
  3.2910190e-03  3.1570706e-03]"
Don't Wanna Let Myself Down (Instrumental) - NEFFEX,"[-0.00471293 -0.00270025  0.00277878 ...  0.0585862   0.04122519
  0.04453444]"
Don't Wanna Let Myself Down - NEFFEX,"[-1.4805627e-03 -6.5134472e-04  7.9930920e-05 ... -4.2638225e-03
  2.7371144e-03  3.9894707e-04]"
Don't Wanna Let Myself Down - NEFFEX,"[-0.07461832 -0.20151776 -0.04590701 ... -0.00580947 -0.00872746
 -0.00797993]"
Down With Your Getup - Mini Vandals,"[-1.2437436e-04 -2.2734122e-04 -9.2502101e-05 ...  1.2746744e-01
  1.3451241e-01  1.4657012e-01]"
Down With Your Getup - Mini Vandals,"[-0.0523814  -0.05125785 -0.05279914 ... -0.00471083  0.00419094
 -0.00704687]"
Dragón Rojo - Mini Vandals,"[ 0.00762772  0.00712542  0.00654135 ... -0.00558075 -0.00840756
 -0.01194308]"
Dragón Rojo - The Mini Vandals,"[ 0.00762772  0.00712542  0.00654135 ... -0.00558075 -0.00840756
 -0.01194308]"
Dreaming On (Instrumental) - NEFFEX,"[-8.2830638e-06 -7.4566719e-06 -4.7979197e-06 ...  4.6438240e-03
  1.3198359e-03  6.0443613e-03]"
Dreaming On (Instrumental) - NEFFEX,"[-0.0032813  -0.00492586  0.00339578 ...  0.04387402  0.05384142
  0.03581992]"
Dreaming On - NEFFEX,"[-2.2829036e-04 -6.5279892e-05 -9.1973657e-04 ... -3.9897684e-02
 -3.3008508e-02 -2.1322046e-03]"
Dreaming On - NEFFEX,"[ 0.07765467 -0.22593078 -0.14611615 ... -0.01365739 -0.02621523
  0.01350902]"
Drifting at 432 Hz - Unicorn Heads,"[-3.2804146e-05 -4.9960854e-05 -3.3949589e-05 ... -4.0019337e-02
 -4.2304974e-02 -4.4490244e-02]"
Drifting at 432 Hz - Unicorn Heads,"[-0.03903163 -0.03701513 -0.03494594 ... -0.03659454 -0.04056379
 -0.04513905]"
Drifting at 432 Hz - Unicorn Heads,"[ 0.01589986  0.00201965 -0.00415152 ... -0.00522207 -0.00801642
 -0.0122037 ]"
Drifting at 432 Hz - Unicorn Heads,"[-0.0294006  -0.01642627 -0.00951263 ... -0.01751131 -0.02805511
 -0.04512541]"
Drifting at 432 Hz - Unicorn Heads,"[-0.05594518 -0.04514866 -0.0375452  ...  0.00199836  0.00268513
  0.00221358]"
Drifting at 432 Hz - Unicorn Heads,"[ 0.00358044  0.00397999  0.00367533 ... -0.01499404 -0.01531341
 -0.02166838]"
Drifting at 432 Hz - Unicorn Heads,"[-0.02145967 -0.01487401 -0.01335858 ...  0.02112781  0.02501516
  0.03565344]"
Drifting at 432 Hz - Unicorn Heads,"[ 0.07216012  0.06407665  0.06063746 ... -0.0076831  -0.00818702
 -0.00545447]"
Drifting at 432 Hz - Unicorn Heads,[0.02534967 0.02742806 0.0323228  ... 0.01892217 0.02101242 0.03345106]
Drifting at 432 Hz - Unicorn Heads,[0.06186882 0.05526699 0.05737299 ... 0.00346839 0.00330478 0.00440969]
Drifting at 432 Hz - Unicorn Heads,[0.01327138 0.01951242 0.02591375 ... 0.00842787 0.01063139 0.01647307]
Drifting at 432 Hz - Unicorn Heads,[0.02982886 0.02515397 0.02409201 ... 0.00015118 0.00047396 0.00125452]
Drifting at 432 Hz - Unicorn Heads,"[-0.0723539  -0.06774638 -0.06374154 ...  0.0254992   0.03141341
  0.04047183]"
Drifting at 432 Hz - Unicorn Heads,[0.01439675 0.00965874 0.00533296 ... 0.01598593 0.01809897 0.02148057]
Drifting at 432 Hz - Unicorn Heads,[0.01888815 0.01165568 0.006423   ... 0.0021022  0.00568085 0.01000977]
Drifting at 432 Hz - Unicorn Heads,[0.03444498 0.03128802 0.02828038 ... 0.         0.         0.        ]
Drifting at 432 Hz - Unicorn Heads,"[ 0.02980158  0.02412328  0.01978862 ... -0.02751486 -0.02418297
 -0.02094928]"
Drifting at 432 Hz - Unicorn Heads,"[-0.01704605 -0.01137238 -0.00769366 ... -0.01933236 -0.02218577
 -0.02437236]"
Drifting at 432 Hz - Unicorn Heads,"[-0.03470271 -0.03422846 -0.03330145 ... -0.03500353 -0.03562251
 -0.03584051]"
Drifting at 432 Hz - Unicorn Heads,"[-0.06488717 -0.05869034 -0.0525109  ... -0.00326124 -0.00550002
 -0.00836383]"
Drifting at 432 Hz - Unicorn Heads,"[-0.01451423 -0.01256865 -0.01087156 ...  0.00965882  0.00491631
 -0.0030311 ]"
Drifting at 432 Hz - Unicorn Heads,"[-0.04764227 -0.04379943 -0.04116725 ...  0.03534854  0.03447889
  0.02984255]"
Drifting at 432 Hz - Unicorn Heads,"[-0.02653329 -0.02352203 -0.02264348 ...  0.0265505   0.02146558
  0.01838854]"
Duh Fuse - French Fuse,"[-1.9103228e-18  1.6098424e-10  3.3088776e-10 ... -6.2244929e-02
 -3.8328901e-02 -4.7481384e-02]"
Dulce Reggaeton - An Jone,"[-4.4798812e-06  5.6229751e-06 -9.0822346e-07 ...  3.1905645e-01
  3.1940576e-01  3.5255730e-01]"
Dulce Reggaeton - An Jone,[0.67768294 0.6453179  0.63096476 ... 0.3035415  0.30887744 0.34482008]
Dulce Reggaeton - An Jone,[0.55862755 0.5356049  0.5208699  ... 0.03964509 0.03541964 0.06383687]
Dusty Rhymes - Freedom Trail Studio,"[-3.6059450e-06 -2.0129586e-05  3.0226498e-05 ...  8.2252994e-03
  1.8697107e-02  1.3057753e-02]"
Dusty Rhymes - Freedom Trail Studio,[0.00015147 0.0003144  0.00066366 ... 0.12292803 0.02789434 0.13353154]
Early Avril - Unicorn Heads,[0.         0.         0.         ... 0.01093808 0.0105596  0.01289841]
Early Avril - Unicorn Heads,"[ 0.00968141  0.00768847  0.00941123 ... -0.00953355 -0.00635815
 -0.0119918 ]"
Early Avril - Unicorn Heads,"[-0.02323997 -0.01889671 -0.01624787 ... -0.00715282 -0.0045183
 -0.00700755]"
Early Avril - Unicorn Heads,"[-0.01155096 -0.00816378 -0.0079271  ... -0.01360719 -0.00942234
 -0.00530304]"
Early Avril - Unicorn Heads,"[ 0.00534586  0.00851427  0.0107132  ... -0.02147483 -0.03097531
 -0.0485308 ]"
Early Avril - Unicorn Heads,"[-0.05004669 -0.04773936 -0.04747538 ...  0.11167698  0.1248585
  0.1369939 ]"
Early Avril - Unicorn Heads,[0.05870383 0.04667762 0.03337719 ... 0.01443281 0.0157559  0.01344162]
Early Avril - Unicorn Heads,"[-0.0285912  -0.01751451 -0.01109922 ... -0.00959457 -0.0137908
 -0.02077145]"
Early Oceans - Freedom Trail Studio,"[-1.25965528e-06 -2.17793131e-05  2.56838684e-05 ... -3.47960889e-02
 -2.35576201e-02 -1.45187685e-02]"
Early Oceans - Freedom Trail Studio,"[ 0.07796656  0.06218952  0.06716721 ... -0.06148759 -0.06135672
 -0.09151152]"
Earth Appears - Brian Bolger,"[ 0.          0.          0.         ... -0.05487829 -0.05661603
 -0.05114261]"
Earth Appears - Brian Bolger,"[ 0.03866391  0.03518422  0.03490859 ... -0.02183139 -0.01499454
 -0.04239557]"
El Secreto - Yung Logos,"[-5.8795167e-06  5.0121866e-08 -7.7825516e-06 ... -7.5676732e-02
 -1.0056334e-01 -1.3658406e-01]"
El Secreto - Yung Logos,"[-0.13226587 -0.12743913 -0.1305619  ...  0.08114579  0.06510612
  0.06967086]"
El Secreto - Yung Logos,"[ 0.0267753   0.00062009 -0.01716386 ... -0.04618819 -0.06506277
 -0.08607221]"
Enough - NEFFEX,"[-7.1587223e-05  2.2887669e-05  6.2352501e-06 ...  6.4827889e-02
  4.9555551e-02  3.8255773e-02]"
Enough - NEFFEX,"[ 0.02759929  0.02555822  0.01245676 ... -0.1221311  -0.09794033
 -0.09565636]"
Erev Shel Shoshanim - E's Jammy Jams,"[ 0.          0.          0.         ...  0.0024722   0.00276232
 -0.00862263]"
Erev Shel Shoshanim - E's Jammy Jams,"[-0.02847854 -0.02864039 -0.03758625 ... -0.04067335 -0.04679769
 -0.05587561]"
Erev Shel Shoshanim - E's Jammy Jams,"[-0.01251112 -0.01176547 -0.014139   ...  0.00345961  0.00307187
  0.01014245]"
Escapism - Yung Logos,"[-0.00208033 -0.00220242 -0.00208095 ...  0.03924917  0.03413982
  0.03866687]"
Escapism - Yung Logos,"[ 0.04970711  0.0449554   0.04938887 ... -0.07438456 -0.05427172
 -0.1052029 ]"
Escapism - Yung Logos,"[-0.1960374  -0.12446672 -0.09642696 ... -0.02738259 -0.01982926
 -0.02348547]"
Escapism - Yung Logos,"[-0.04057126 -0.04207237 -0.04812814 ... -0.02839444 -0.00977858
 -0.03143035]"
Everything Has a Beginning - Joel Cummins,"[-5.2467849e-06 -2.0586081e-06  4.2564493e-06 ...  8.6970672e-02
  9.6145637e-02  1.0781632e-01]"
Fat Man - Yung Logos,"[-0.00311373 -0.00318532 -0.00329116 ... -0.09985533 -0.1291236
 -0.12490293]"
Fingerprint - Mini Vandals,"[ 9.47958615e-05  1.30758335e-05 -1.64258599e-04 ... -3.72673459e-02
 -6.05253987e-02 -6.18347563e-02]"
Fingerprint - Mini Vandals,"[-0.0589212  -0.06187418 -0.06429623 ... -0.11583944 -0.08773643
 -0.09033895]"
First Dream - Brian Bolger,"[ 9.3969320e-06 -5.4584762e-06  3.1398486e-06 ...  8.8311695e-02
  9.8476887e-02  1.1468486e-01]"
First Dream - Brian Bolger,[0.04571892 0.04433721 0.04541987 ... 0.00204625 0.00354481 0.01069324]
First Of 3 - Jeremy Black,"[ 0.          0.          0.         ... -0.01846439 -0.01997273
 -0.02132511]"
First Of 3 - Jeremy Black,[0.04912011 0.05677374 0.05367954 ... 0.05903357 0.02611003 0.02464487]
First Of 3 - Jeremy Black,"[ 0.06134765  0.066377    0.08571952 ... -0.01320358 -0.01200329
 -0.02450174]"
Floating Home - Brian Bolger,[0.         0.         0.         ... 0.05123889 0.05459376 0.05307636]
Floating Home - Brian Bolger,"[-0.04337568 -0.03855593 -0.03781369 ...  0.00429086 -0.00240555
 -0.00581693]"
Foyf (Instrumental) - NEFFEX,"[ 0.00035062  0.0003408   0.00033903 ... -0.01366814 -0.00079614
 -0.00034358]"
Foyf (Instrumental) - NEFFEX,"[ 0.00790167  0.01922411 -0.00690151 ... -0.00655072  0.02536448
  0.05935363]"
Foyf - NEFFEX,"[ 0.01254376  0.01127472  0.013995   ... -0.03297659 -0.00819841
 -0.01682649]"
Foyf - NEFFEX,"[-0.12719676 -0.08079789 -0.11160474 ...  0.10284026  0.02083834
 -0.01053242]"
Fractal of Light - Chris Haugen,"[-3.3298820e-05 -3.2258293e-05 -3.4020180e-05 ...  5.7763919e-02
  6.0534138e-02  8.2885690e-02]"
Fractal of Light - Chris Haugen,"[ 0.08729507  0.07963264  0.08730385 ... -0.02820765 -0.04008976
 -0.0593903 ]"
Fractal of Light - Chris Haugen,"[-0.06869131 -0.05331215 -0.04914794 ... -0.01067178 -0.01164617
 -0.01503507]"
Frailach 1 - E's Jammy Jams,"[-1.4172545e-05 -1.9678997e-05 -2.5550482e-05 ... -7.2226815e-02
 -4.1003086e-02 -7.3212944e-02]"
Frailach 1 - E's Jammy Jams,"[-0.21385674 -0.20000528 -0.21236083 ... -0.0568     -0.04125555
 -0.03433195]"
Frailach 1 - E's Jammy Jams,"[-0.02056835 -0.02804207 -0.0386745  ... -0.19713074 -0.18887459
 -0.20116101]"
Frailach 1 - E's Jammy Jams,"[-0.07003855 -0.04598772 -0.05366167 ...  0.01514824  0.01758221
  0.01175684]"
Frailach 2 - E's Jammy Jams,"[-1.04327114e-07  4.56011904e-08 -1.34685735e-07 ... -1.04753831e-02
 -5.46835363e-03 -8.31574481e-03]"
Frailach 2 - E's Jammy Jams,"[-0.00491711  0.00036569 -0.0047463  ... -0.00011726  0.00925427
 -0.01141532]"
Frailach 2 - E's Jammy Jams,"[-0.00540224  0.00793356 -0.0173726  ...  0.03022092  0.02218142
  0.04374078]"
Free Me (Instrumental) - NEFFEX,"[ 3.9289277e-10  8.9903376e-11 -5.4339461e-10 ...  2.5809962e-01
  2.9779255e-01  3.4278551e-01]"
Free Me (Instrumental) - NEFFEX,[0.29899237 0.15550417 0.23530048 ... 0.         0.         0.        ]
Free Me - NEFFEX,"[ 1.2770014e-04  4.2151514e-05 -1.0579939e-04 ... -9.0834480e-03
 -2.5742708e-03  3.6923427e-02]"
Free Me - NEFFEX,"[ 0.11549337  0.04264415  0.022748   ... -0.08685651  0.13092798
  0.3390605 ]"
Future Glider - Brian Bolger,"[-7.9689744e-06  1.3447908e-05 -3.2988635e-05 ... -1.7728014e-02
 -1.8710135e-02 -3.4761190e-02]"
Future Glider - Brian Bolger,"[-0.0456258  -0.03555135 -0.0345275  ...  0.06458259  0.06438419
  0.07554097]"
Get Through - NEFFEX,"[ 0.0130432   0.02035037  0.02496157 ... -0.09812157 -0.02780734
  0.13457492]"
Get Through - NEFFEX,"[ 0.17261563  0.11187581 -0.03276648 ... -0.01934264 -0.01597959
  0.0030572 ]"
Get Through - NEFFEX,"[ 0.01271561  0.01011366  0.00411242 ... -0.01651554 -0.01757118
 -0.05632238]"
Go Down Swinging (Instrumental) - NEFFEX,"[6.3117295e-05 7.0904673e-05 6.4519234e-05 ... 2.3661943e-02 3.9831176e-02
 6.9237225e-02]"
Go Down Swinging (Instrumental) - NEFFEX,[0.09637488 0.10592973 0.10976521 ... 0.00870003 0.0060052  0.01021306]
Go Down Swinging - NEFFEX,"[-0.00352425 -0.00391495 -0.00422562 ...  0.05928688  0.04795245
  0.05763736]"
Go Down Swinging - NEFFEX,"[ 0.01839828  0.01216496  0.03112166 ... -0.06645699 -0.03798839
 -0.03501959]"
Go! - NEFFEX,"[ 0.00118923  0.0015652   0.0019199  ... -0.00464907  0.00640567
 -0.00459623]"
Go! - NEFFEX,"[ 0.01726176  0.00828655  0.00238056 ... -0.55384916 -0.49812096
 -0.56750554]"
Good Day (Wake Up) - NEFFEX,"[-0.00924537 -0.00949804 -0.00971619 ... -0.1374382  -0.17476907
 -0.18163852]"
Good Day (Wake Up) - NEFFEX,"[-0.21637297 -0.33671367 -0.39700288 ... -0.08900544 -0.07249698
 -0.10642553]"
Good Days - Yung Logos,"[-0.04151547 -0.04983306 -0.04606035 ... -0.04278202 -0.04442745
 -0.05926659]"
Good Days - Yung Logos,"[-0.06221357 -0.04943951 -0.04089225 ...  0.00912072  0.01120165
  0.01400522]"
Good Gig In the Clouds - Joel Cummins,"[-6.3811372e-06  6.6980448e-07 -3.5082965e-06 ...  1.7350622e-02
  1.3667112e-02  1.1417919e-02]"
Good Gig In the Clouds - Joel Cummins,"[ 0.0284248   0.02653429  0.02577846 ... -0.02874878 -0.03139651
 -0.03618171]"
Gunpowder Tea - Mini Vandals,[0.00118558 0.00127912 0.0006983  ... 0.07887142 0.06365518 0.12122179]
Hannon - Jeremy Black,"[-0.00268671 -0.00267297 -0.00264921 ... -0.0398609  -0.00768919
 -0.03743429]"
Hannon - Jeremy Black,"[-0.11694725 -0.09306293 -0.08423501 ... -0.04920316 -0.03255806
 -0.02494583]"
Hannon - Jeremy Black,"[-0.00909556  0.01399654  0.02806533 ...  0.00379335  0.01035509
  0.03554374]"
Hava Nagila - E's Jammy Jams,"[1.6238941e-08 2.0235476e-08 1.6940051e-08 ... 2.7278187e-02 2.6453614e-02
 4.0044364e-02]"
Hava Nagila - E's Jammy Jams,[0.03018124 0.02575865 0.03398066 ... 0.0220319  0.00099442 0.02758831]
Hava Nagila - E's Jammy Jams,[0.11634585 0.09520515 0.12151585 ... 0.13196284 0.14928041 0.12000422]
Hava Nagila - E's Jammy Jams,[0.11848424 0.13594861 0.14459404 ... 0.04958267 0.08855046 0.160358  ]
Heal You - Freedom Trail Studio,"[-1.8635704e-06  7.7551306e-07  5.1904835e-06 ...  3.3292866e-01
  3.4250024e-01  3.7345731e-01]"
Heal You - Freedom Trail Studio,"[ 0.24797602  0.22234996  0.22497529 ... -0.01438337 -0.01445964
 -0.0153003 ]"
Hine Ma Tov - E's Jammy Jams,"[-4.9718210e-07 -4.7556415e-07 -5.4037486e-07 ... -3.2137059e-02
 -2.0172458e-02 -3.1226002e-02]"
Hine Ma Tov - E's Jammy Jams,"[-0.07165073 -0.07100017 -0.07822297 ...  0.00239033  0.01121015
  0.00247019]"
Hine Ma Tov - E's Jammy Jams,"[-0.03658151 -0.02897315 -0.03410248 ... -0.00151582  0.00910118
  0.00163135]"
Hine Ma Tov - E's Jammy Jams,"[-0.02965101 -0.02207499 -0.03258176 ... -0.0058228  -0.00240459
 -0.00547877]"
Hine Ma Tov - E's Jammy Jams,"[-0.01448598 -0.00934734 -0.00813281 ... -0.10984541 -0.09794315
 -0.12749735]"
Housin - Yung Logos,"[ 0.00813632  0.0044129   0.00472318 ... -0.01551645 -0.00860529
 -0.01334416]"
Housin - Yung Logos,"[-0.04958659 -0.04722659 -0.05698236 ... -0.04507258 -0.05102193
 -0.05558722]"
How's It Supposed to Feel (Clean) - NEFFEX,"[ 3.4220215e-05  4.0484240e-04  5.2621478e-04 ... -4.8751812e-02
 -4.6332780e-02 -7.1066447e-02]"
How's It Supposed to Feel (Clean) - NEFFEX,"[-0.13968329 -0.10214093 -0.08362258 ...  0.06102175  0.04855511
  0.09642919]"
How's It Supposed to Feel (Clean) - NEFFEX,[0.07564001 0.07009863 0.09749568 ... 0.09533841 0.09912336 0.10297485]
How's It Supposed to Feel (Instrumental) - NEFFEX,"[-5.6197860e-05  4.2517323e-04  6.0097914e-04 ... -6.4914435e-02
 -8.3543226e-02 -1.0852868e-01]"
How's It Supposed to Feel (Instrumental) - NEFFEX,"[-0.16084965 -0.129329   -0.10492092 ...  0.16001073  0.123371
  0.15633978]"
How's It Supposed to Feel (Instrumental) - NEFFEX,[0.12767147 0.1298858  0.16293423 ... 0.08727264 0.09073994 0.09439491]
How's It Supposed to Feel - NEFFEX,"[-0.02956454 -0.02053119 -0.01088378 ... -0.03600625 -0.03979587
 -0.04167959]"
How's It Supposed to Feel - NEFFEX,"[-0.01880847 -0.01440111 -0.01166175 ...  0.06344213  0.02748735
  0.078801  ]"
How's It Supposed to Feel - NEFFEX,[0.08615755 0.13382503 0.18212181 ... 0.04317657 0.04443549 0.04587526]
Hustlin' (Instrumental) - NEFFEX,"[-6.4495871e-06 -1.9891573e-05 -3.4783490e-05 ... -3.9511748e-02
  6.0694940e-02 -8.4973015e-03]"
Hustlin' (Instrumental) - NEFFEX,"[-0.08642907 -0.03859314 -0.08645163 ... -0.07714067 -0.08262033
 -0.0680292 ]"
Hustlin' - NEFFEX,"[ 7.5546507e-04  5.3177861e-04  1.9634784e-04 ... -1.5670514e-01
 -6.9208346e-02 -2.1876086e-01]"
Hustlin' - NEFFEX,"[-0.39443892 -0.33876356 -0.13650586 ... -0.12631792 -0.12920327
 -0.12057391]"
I Just Wanna Be Great (Instrumental) - NEFFEX,"[ 0.00051208  0.00043627  0.00053967 ... -0.07285235 -0.10316192
 -0.1489701 ]"
I Just Wanna Be Great (Instrumental) - NEFFEX,"[-0.15229794 -0.10981207 -0.08163074 ... -0.00452502 -0.00589977
 -0.00638836]"
I Just Wanna Be Great (Instrumental) - NEFFEX,[0.0057254  0.00972241 0.0111496  ... 0.00114468 0.00067872 0.00120204]
I Just Wanna Be Great - NEFFEX,"[-0.16182609 -0.16648342 -0.11784308 ...  0.00552455 -0.00338059
  0.00239221]"
I Just Wanna Be Great - NEFFEX,"[ 0.01598611 -0.00224055 -0.0011021  ...  0.14593688  0.14016147
  0.15423046]"
I Just Wanna Be Great - NEFFEX,"[-0.01316153 -0.01126168  0.02263103 ...  0.00319685  0.0026263
  0.00223954]"
Icelandic Arpeggios - DivKid,[0.0020782  0.00211635 0.00209624 ... 0.0260907  0.02509693 0.02350348]
Icelandic Arpeggios - DivKid,"[-0.01963519 -0.0101449  -0.0013805  ...  0.02035605  0.02100804
  0.02253071]"
Immortal - NEFFEX,"[ 0.02660647 -0.00743487  0.03390744 ...  0.03587544  0.05774666
  0.10602491]"
Immortal - NEFFEX,"[ 0.07160144 -0.00275352  0.04529862 ...  0.01090994  0.00716764
  0.0206897 ]"
Immortal - NEFFEX,"[ 0.06989535  0.04438686  0.05229313 ...  0.00290935 -0.02765894
 -0.00956277]"
In Five Straight Rows - Mini Vandals,"[3.5487151e-06 1.7474164e-06 3.4843679e-06 ... 9.2730157e-02 1.0613821e-01
 1.8064067e-01]"
In Five Straight Rows - Mini Vandals,"[ 0.19669566  0.12039653  0.08952688 ... -0.16145729 -0.20006801
 -0.30976677]"
In Five Straight Rows - Mini Vandals,"[-0.19199356 -0.13875082 -0.09841838 ...  0.00983197  0.00436205
  0.01106908]"
In Memory of Jean Talon - Mini Vandals,"[ 3.9115693e-07  2.4892299e-07  4.6429682e-07 ...  5.9046975e-04
 -1.7337104e-03 -4.8157126e-03]"
In Memory of Jean Talon - The Mini Vandals,"[ 3.9115693e-07  2.4892299e-07  4.6429682e-07 ...  5.9046975e-04
 -1.7337104e-03 -4.8157126e-03]"
India Fuse - French Fuse,"[ 0.          0.          0.         ... -0.04172402 -0.02058914
 -0.02717645]"
Inspired (Clean) - NEFFEX,"[ 7.8414714e-10 -2.3240139e-09  6.9070278e-09 ...  6.9877900e-02
  7.3369846e-02 -7.6005864e-04]"
Inspired (Instrumental) - NEFFEX,"[-2.2279380e-08  1.6055424e-08  1.9175745e-09 ... -6.2838676e-03
 -6.4042420e-03 -5.5846935e-03]"
Inspired - NEFFEX,"[-0.00096282 -0.00105464 -0.00112358 ... -0.02882918 -0.0132898
 -0.04802029]"
Intellect - Yung Logos,"[-0.01706973 -0.01749837 -0.01803656 ...  0.14991572  0.15072705
  0.14855205]"
Islabonita - An Jone,"[-2.0769644e-07  6.8530794e-06 -9.2708189e-07 ...  9.1014681e-03
  1.2812560e-02  1.2777188e-03]"
Islabonita - An Jone,"[-0.02041476 -0.00773562 -0.00896836 ...  0.0758892   0.06845001
  0.09213509]"
Island Dream - Chris Haugen,[0.         0.         0.         ... 0.02773794 0.03274604 0.04171558]
Island Dream - Chris Haugen,[0.01205999 0.00198145 0.00622509 ... 0.0566815  0.0666535  0.08205217]
It's Only Worth It If You Work For It (Clean) - NEFFEX,"[ 3.3854987e-05  3.4955126e-05  3.1237323e-05 ...  2.1861622e-03
  2.3933908e-03 -1.2581155e-02]"
It's Only Worth It If You Work For It (Clean) - NEFFEX,"[-0.02467874 -0.00486969 -0.01348345 ... -0.10222899 -0.12242476
 -0.14610742]"
It's Only Worth It If You Work For It (Clean) - NEFFEX,"[-0.11044095 -0.0487434  -0.0895957  ... -0.00360781 -0.00136019
 -0.0074566 ]"
It's Only Worth It if You Work for It (Instrumental) - NEFFEX,"[1.9404550e-05 1.8911582e-05 1.3704693e-05 ... 2.8790589e-02 2.9446086e-02
 6.3404284e-02]"
It's Only Worth It if You Work for It (Instrumental) - NEFFEX,"[ 0.05670108 -0.00791584  0.01448709 ...  0.28404135  0.29896075
  0.31398112]"
It's Only Worth It if You Work for It (Instrumental) - NEFFEX,"[ 0.36082727  0.33403075  0.31003472 ... -0.00177501  0.00215213
  0.0161823 ]"
IU (아이유) - The Red Shoes (분홍신),"[ 0.          0.          0.         ... -0.17646405 -0.16051862
 -0.1475789 ]"
IU (아이유) - The Red Shoes (분홍신),[0.17473556 0.19214387 0.23288187 ... 0.07978126 0.06787749 0.11917136]
IU (아이유) - The Red Shoes (분홍신),[0.22139671 0.1674598  0.09931839 ... 0.05052932 0.04862024 0.0713022 ]
IU (아이유) - The Red Shoes (분홍신),[0.16337962 0.1648535  0.15928502 ... 0.0039798  0.03408466 0.05062984]
Just Breathing - NEFFEX,"[5.5330784e-05 4.5435580e-05 4.4132885e-05 ... 1.9273352e-02 2.8053666e-02
 2.8224228e-02]"
Just Breathing - NEFFEX,"[-0.05982117 -0.06292348 -0.0733493  ... -0.04629758 -0.03389251
 -0.04548084]"
Just Breathing - NEFFEX,"[-0.05431248 -0.07939592 -0.09048267 ... -0.02189085 -0.00890459
 -0.00396612]"
Kind of a Party - Mini Vandals,"[-5.2167346e-05 -3.2645326e-05 -4.3633179e-05 ...  1.6219088e-01
  1.6589555e-01  1.7234874e-01]"
Kind of a Party - Mini Vandals,"[ 3.2749999e-02  1.2332748e-02 -4.0620707e-06 ...  4.0360570e-02
  4.2284355e-02  4.2489134e-02]"
Lobe - Mini Vandals,"[2.0707330e-06 1.0293486e-06 1.8640544e-06 ... 7.0318165e-03 6.8888632e-03
 1.1091073e-02]"
Lobe - The Mini Vandals,"[2.0707330e-06 1.0293486e-06 1.8640544e-06 ... 7.0318165e-03 6.8888632e-03
 1.1091073e-02]"
Looping Ascent - Joel Cummins,"[ 1.1515729e-05  6.3867001e-06 -8.0095397e-06 ... -4.8652153e-02
 -5.8810826e-02 -6.9327459e-02]"
Looping Ascent - Joel Cummins,"[-0.1456419  -0.13005885 -0.11494528 ... -0.03345154 -0.02608831
 -0.01774167]"
Los Bilibicos - E's Jammy Jams,"[-1.7812614e-06  6.2867593e-06  9.9525391e-07 ... -5.5451263e-02
 -5.2962650e-02 -5.1855221e-02]"
Los Bilibicos - E's Jammy Jams,"[-0.02163814 -0.02316784 -0.02325955 ... -0.00958069 -0.00878624
 -0.00368664]"
Los Bilibicos - E's Jammy Jams,"[-0.00237507 -0.00018634 -0.00175765 ...  0.02567781  0.02026194
  0.02398648]"
Love the Messenger - Freedom Trail Studio,"[ 3.8291555e-06 -2.2811349e-07 -6.6721623e-06 ...  6.1719813e-03
  5.8470266e-03  2.7339777e-02]"
Love the Messenger - Freedom Trail Studio,"[ 0.04448529  0.03575504  0.06626549 ... -0.06526682 -0.04422062
 -0.08423945]"
Manifest It (Instrumental) - NEFFEX,"[ 1.7106593e-05  1.4969008e-05 -6.0995117e-06 ...  6.8075918e-02
  7.5475864e-02  1.2995610e-01]"
Manifest It (Instrumental) - NEFFEX,"[ 0.09012331  0.01476653  0.02586063 ... -0.02759699 -0.01846197
  0.00033663]"
Manifest It (Instrumental) - NEFFEX,[0.04568314 0.03269137 0.02464828 ... 0.23028778 0.25804138 0.29564652]
Manifest It - NEFFEX,"[ 0.0105435   0.00754547  0.00521443 ... -0.0995793  -0.08260208
 -0.1411037 ]"
Manifest It - NEFFEX,"[-0.31869218 -0.30817613 -0.3501571  ...  0.01747343  0.03429985
  0.03267468]"
Manifest It - NEFFEX,"[-0.00369879 -0.0102424   0.01522083 ...  0.02220819  0.03769698
  0.06315431]"
Metaheuristic - Freedom Trail Studio,"[ 1.3080498e-05 -6.3126213e-06 -1.0754624e-07 ... -1.2114334e-02
 -1.0227682e-02 -9.4727445e-03]"
Metaheuristic - Freedom Trail Studio,"[ 0.00238741  0.0035425   0.00656082 ... -0.01134428 -0.0321651
  0.00511133]"
Metro - Yung Logos,"[-0.00633986 -0.00645651 -0.00658944 ... -0.03675479 -0.04062462
 -0.0435679 ]"
Mi Dispiace - Mini Vandals,[0.         0.         0.         ... 0.00214874 0.00753616 0.01424788]
Mi Dispiace - Mini Vandals,[0.03806039 0.03184282 0.02674812 ... 0.02466985 0.02847702 0.03291534]
Mi Dispiace - The Mini Vandals,[0.         0.         0.         ... 0.00214874 0.00753616 0.01424788]
Mi Dispiace - The Mini Vandals,[0.03806039 0.03184282 0.02674812 ... 0.02466985 0.02847702 0.03291534]
Modern Attempt - TrackTribe,"[-0.00837338 -0.00817484 -0.00810888 ...  0.27899507  0.28566986
  0.29299828]"
Modern Attempt - TrackTribe,"[ 0.05036751  0.06541341  0.08712796 ... -0.00503653 -0.00552965
 -0.00256038]"
Modern Time - An Jone,"[-6.4778264e-06 -2.4675337e-06 -9.3684571e-07 ... -4.3210332e-04
 -1.2673429e-03 -1.4113653e-03]"
Modern Time - An Jone,"[-0.01163264 -0.01204806 -0.01156891 ...  0.05730839  0.05763347
  0.05422095]"
Music Box - Brian Bolger,"[-9.1834308e-06 -4.9766277e-05 -3.4878616e-05 ...  2.5125820e-02
  2.1581097e-02  3.2785118e-02]"
Music Box - Brian Bolger,"[ 0.04661148  0.03259857  0.03562939 ... -0.0238368  -0.0099191
 -0.03104397]"
Natural Light - Chris Haugen,"[-0.00029047 -0.0002062  -0.00041423 ...  0.01623344  0.01057854
  0.0155438 ]"
Natural Light - Chris Haugen,"[ 0.00394673  0.00074159  0.00187135 ... -0.01569818 -0.00944269
 -0.00207817]"
Natural Light - Chris Haugen,[0.01767053 0.01540739 0.00950526 ... 0.01238426 0.01741502 0.02751151]
Natural Light - Chris Haugen,"[ 6.3350298e-02  5.9553020e-02  5.6352183e-02 ... -8.7510790e-07
 -1.7521533e-06 -1.1557179e-06]"
Nekta - Here's Us (320  kbps) (savefrom.kr),"[ 0.          0.          0.         ... -0.02423369 -0.02529264
 -0.02401128]"
Nekta - Here's Us (320  kbps) (savefrom.kr),"[ 0.01470472  0.01511975  0.02234993 ...  0.00067407 -0.00050311
 -0.00100093]"
Night Run Away - An Jone,"[-6.5840374e-07 -8.9331400e-07 -1.3422336e-06 ... -9.4420044e-03
  4.1359663e-03  8.7438064e-04]"
Night Run Away - An Jone,"[-0.0049289   0.00414681 -0.00341051 ... -0.01050557 -0.02202383
 -0.02013314]"
Nine Lives - Unicorn Heads,[0.00889056 0.0077975  0.00709355 ... 0.00522745 0.007249   0.00811195]
Nine Lives - Unicorn Heads,"[ 0.0043274   0.01238995  0.01830556 ... -0.0271221  -0.03321272
 -0.0444643 ]"
Nine Lives - Unicorn Heads,"[-0.12825026 -0.11728112 -0.10461196 ...  0.02564729  0.02538961
  0.02380884]"
Nine Lives - Unicorn Heads,"[-0.05249537 -0.06004228 -0.06671882 ... -0.01385994 -0.00081368
 -0.01239868]"
Nine Lives - Unicorn Heads,[0.04072399 0.04294821 0.03090955 ... 0.01634153 0.02094906 0.02730799]
Nineties Pad - Brian Bolger,"[-7.1048873e-08  7.2916976e-08 -9.4420116e-09 ... -1.7984912e-02
 -4.0221307e-02 -7.1060300e-02]"
No Doubt - Yung Logos,"[ 0.03275401  0.02736335  0.02548162 ... -0.41882598 -0.4271284
 -0.45177943]"
No Filter - NEFFEX,"[ 0.00138361  0.00108081 -0.00029828 ... -0.07077698 -0.09059247
 -0.04050358]"
No Filter - NEFFEX,[0.03131046 0.02674445 0.05458654 ... 0.1960426  0.17303601 0.15841988]
No Turning Back (Clean) - NEFFEX,"[ 5.13557870e-06  2.16131480e-06 -1.04742116e-06 ... -1.24166589e-02
 -1.17333345e-02 -1.45908259e-02]"
No Turning Back (Clean) - NEFFEX,[0.0265534  0.02745485 0.0241375  ... 0.02685978 0.03248839 0.14719968]
No Turning Back (Instrumental) - NEFFEX (1),"[ 4.4493027e-06  1.2847302e-06 -1.9942231e-06 ... -2.6663031e-02
 -2.1388071e-02 -2.6038455e-02]"
No Turning Back (Instrumental) - NEFFEX (1),"[ 0.00144659  0.01050592  0.00358506 ... -0.02894259 -0.00461398
  0.11813807]"
No Turning Back (Instrumental) - NEFFEX,"[ 4.4493027e-06  1.2847302e-06 -1.9942231e-06 ... -2.6663031e-02
 -2.1388071e-02 -2.6038455e-02]"
No Turning Back (Instrumental) - NEFFEX,"[ 0.00144659  0.01050592  0.00358506 ... -0.02894259 -0.00461398
  0.11813807]"
No Turning Back - NEFFEX,"[ 0.00128236  0.00109033  0.00088673 ...  0.03144982 -0.02826472
  0.01983262]"
No Turning Back - NEFFEX,"[-0.03269539 -0.2896459   0.01143152 ... -0.0708085  -0.03826782
 -0.04516971]"
North Oakland Extasy - Squadda B,"[ 0.00126939  0.00125315  0.00122493 ... -0.0089361  -0.01042994
 -0.0105477 ]"
North Oakland Extasy - Squadda B,[0.01406273 0.00928025 0.01011079 ... 0.10090233 0.05005095 0.08886476]
North Oakland Extasy - Squadda B,"[8.4405944e-02 4.7985703e-02 6.2088132e-02 ... 1.1068435e-05 6.6836142e-06
 2.9120145e-05]"
O Boy - Jeremy Black,[0.         0.         0.         ... 0.00900937 0.02195431 0.0368138 ]
O Boy - Jeremy Black,"[ 0.04598225  0.03096783  0.0268673  ...  0.04779854  0.00627822
 -0.0783667 ]"
O Boy - Jeremy Black,"[-0.13803285 -0.0812105  -0.02968588 ...  0.00193461  0.00286798
  0.0056642 ]"
O Boy - Jeremy Black,"[-0.01000625 -0.0098561  -0.00975568 ...  0.06801571  0.0221189
 -0.09180466]"
Od Yishama - E's Jammy Jams,"[-4.0124268e-09  4.1600741e-09 -4.0965045e-09 ...  1.3868241e-02
  1.2304020e-03  2.8048040e-02]"
Od Yishama - E's Jammy Jams,"[ 0.08200041  0.03779987  0.04450795 ... -0.0308976   0.00213482
 -0.03085192]"
Od Yishama - E's Jammy Jams,"[-0.1428816  -0.12976052 -0.12934041 ... -0.00930934 -0.02815606
  0.00200909]"
Oman Groomer - Mini Vandals,"[-4.4443791e-09  6.4237412e-07  3.1998877e-07 ... -8.2059614e-03
 -9.2692375e-03 -1.0956887e-02]"
Oman Groomer - The Mini Vandals,"[-4.4443791e-09  6.4237412e-07  3.1998877e-07 ... -8.2059614e-03
 -9.2692375e-03 -1.0956887e-02]"
One Time - Jeremy Black,"[-0.00451854 -0.00417332  0.00292395 ...  0.00051703 -0.00569373
  0.00714452]"
One Time - Jeremy Black,"[ 0.03488592 -0.00811957 -0.01007624 ... -0.05797905 -0.04339084
 -0.06013086]"
One Time - Jeremy Black,"[-0.1931133  -0.18183364 -0.21775188 ... -0.12559251 -0.1017816
 -0.12852837]"
One Time - Jeremy Black,"[-0.19392939 -0.19537257 -0.1817217  ...  0.00414169  0.0265604
  0.01500977]"
One Time - Jeremy Black,"[ 0.05602133  0.10299293  0.14980198 ... -0.13652004 -0.06308451
 -0.19681464]"
OSA Dress Code - Squadda B,"[ 0.00072758  0.00028719 -0.00026181 ... -0.00717883 -0.006145
  0.01026454]"
OSA Dress Code - Squadda B,[0.00997582 0.01304254 0.01388252 ... 0.02045866 0.01273368 0.02853958]
OSA Dress Code - Squadda B,"[-0.03491955 -0.05025261 -0.03415747 ... -0.00041683 -0.00079425
 -0.00091352]"
Out On My Skateboard - Mini Vandals,"[ 1.8927003e-07 -1.3774100e-07  3.2774556e-06 ...  1.2176936e-01
  1.1110068e-01  1.2308541e-01]"
Out On My Skateboard - Mini Vandals,[0.20406659 0.19123596 0.20067106 ... 0.14498447 0.13564323 0.16153346]
Out On My Skateboard - Mini Vandals,[0.20862225 0.14693756 0.15701413 ... 0.13966717 0.14488167 0.17689852]
"Outside the Universe - Joel Cummins, Kris Myers, Andy Farag","[-1.9442173e-06  3.1169377e-06 -4.8364004e-06 ...  7.4751279e-03
  2.4748841e-02  4.5289509e-03]"
"Outside the Universe - Joel Cummins, Kris Myers, Andy Farag","[-0.02955594 -0.01453109 -0.03563606 ... -0.09499376 -0.06093753
 -0.11766481]"
Pinions - Freedom Trail Studio,"[-1.0543552e-05 -8.4545572e-06  1.3999565e-05 ...  3.5867739e-02
  3.1350102e-02  2.8860232e-02]"
"Planetary Paths - Joel Cummins, Andy Farag","[ 4.3903005e-06 -2.2999457e-06  6.9497469e-06 ...  3.4276493e-02
  2.9821260e-02  3.9639369e-02]"
"Planetary Paths - Joel Cummins, Andy Farag",[0.06206446 0.0526682  0.04787728 ... 0.02734464 0.02762298 0.02611844]
Play Dead - NEFFEX,"[-9.4767092e-06 -7.6377859e-07  7.5680134e-07 ... -1.0582432e-01
 -9.6255526e-02 -1.0640623e-01]"
Play Dead - NEFFEX,"[-0.06494933 -0.04343556 -0.05497673 ...  0.01113424 -0.01056815
 -0.05317139]"
Play Dead - NEFFEX,"[-0.09905284 -0.0958811  -0.11068221 ...  0.10326423  0.0371777
  0.08175258]"
Polaroid Memories - DivKid,"[-0.00063118 -0.00074513 -0.00083473 ...  0.01667352 -0.0134072
 -0.05617036]"
Polaroid Memories - DivKid,"[-0.02060539 -0.0262791   0.00438465 ... -0.00018139 -0.00076116
  0.00125014]"
Polymetric Juggling - DivKid,"[ 0.00136818  0.0014375   0.00177673 ... -0.04084032 -0.04112528
 -0.04272494]"
Polymetric Juggling - DivKid,"[-0.04543471 -0.08830786 -0.18757665 ... -0.01083198 -0.01326247
 -0.01648572]"
Polymetric Juggling - DivKid,"[-0.01520833 -0.01420395 -0.01103837 ... -0.00329583 -0.00372818
 -0.00376627]"
Ponderous Days - Joel Cummins,"[ 5.75306422e-06 -3.63416734e-06  2.56367866e-06 ... -1.17242426e-01
 -1.21986270e-01 -1.33513615e-01]"
Ponderous Days - Joel Cummins,"[-0.02752788 -0.00929733  0.00235798 ... -0.01150057 -0.01199979
 -0.0126235 ]"
Positive Fuse - French Fuse,"[ 4.99364328e-10 -3.27983501e-10  6.51023055e-11 ... -1.56485945e-01
 -1.20977126e-01 -7.78244808e-02]"
Positive Fuse - French Fuse,"[-0.10611688 -0.13290423 -0.18097311 ... -0.0022184  -0.00103903
  0.00053237]"
Press Fuse - French Fuse,"[ 0.          0.          0.         ... -0.08104867 -0.06482668
 -0.03006885]"
Rain Fuse - French Fuse,"[-3.2119385e-09  3.6951411e-10 -1.7948315e-10 ...  2.1442570e-02
  2.3072381e-02  2.3256281e-02]"
Resolve - Joel Cummins,"[ 5.95531037e-06 -4.23224446e-06 -2.72854300e-06 ... -3.50595359e-03
  2.74325418e-03  1.38890445e-02]"
Resolve - Joel Cummins,[0.03255977 0.03932411 0.04663343 ... 0.0100179  0.01305836 0.01695516]
Retribution - NEFFEX,"[-0.00029453 -0.0002572  -0.00020224 ... -0.03852202  0.01063201
 -0.08421107]"
Retribution - NEFFEX,"[-0.07175823 -0.01425061 -0.14123273 ... -0.00302533 -0.02699793
 -0.08809415]"
Rich in the 80s - DivKid,"[-1.9615951e-04 -2.7720589e-04 -8.8055087e-05 ...  1.3714576e-02
  1.7621966e-02  2.1083616e-02]"
Rich in the 80s - DivKid,"[ 0.04765773  0.03147491  0.03596257 ... -0.00015402  0.00081247
  0.00531151]"
Rinse Repeat - DivKid,"[ 0.00020362  0.00055959  0.0008636  ... -0.00392849 -0.00713368
 -0.00076657]"
Rinse Repeat - DivKid,"[-0.00022341 -0.02914925 -0.03572625 ...  0.01394699  0.01691115
  0.01626524]"
Robots and Aliens - Joel Cummins,"[-1.8669847e-06 -2.6024049e-06 -1.1450509e-06 ...  8.4096137e-03
  2.1189400e-03  8.1657460e-03]"
Robots and Aliens - Joel Cummins,"[ 0.03279089  0.0251932   0.01957376 ... -0.04030256 -0.04321689
 -0.04738105]"
Rooster - Telecasted,"[-1.3569972e-06  1.2847933e-06 -1.1722882e-06 ... -3.6122047e-03
 -4.5350171e-03 -3.4802794e-02]"
Rooster - Telecasted,"[-0.09108488 -0.0412586  -0.07182278 ... -0.04344086 -0.04116232
  0.05227315]"
Running Errands - TrackTribe,"[ 8.8161994e-07 -2.2090032e-06  1.5235644e-06 ... -9.8337093e-03
 -6.8198065e-03 -1.1368312e-02]"
Running Errands - TrackTribe,"[-0.00888778 -0.0080497  -0.01293947 ... -0.00765196 -0.00430003
 -0.00190363]"
Running Errands - TrackTribe,"[-0.02632172 -0.01960722 -0.01451597 ...  0.01648183  0.01444861
  0.02015596]"
Running Errands - TrackTribe,[0.01538914 0.01152088 0.01618046 ... 0.05511404 0.04631345 0.06788409]
Sailing - Telecasted,"[-3.1588152e-05 -7.4456992e-05 -7.1526199e-05 ... -9.2913300e-02
 -1.0386098e-01 -1.3798623e-01]"
Sailing - Telecasted,"[-0.19170442 -0.1700873  -0.16052693 ...  0.02684471  0.02679159
  0.07038479]"
Seasons - Telecasted,"[-0.00036806 -0.00058768 -0.00048374 ...  0.09223169  0.09632471
  0.10640567]"
Seasons - Telecasted,"[ 0.04754416  0.01848509 -0.00346493 ...  0.01254177  0.01616794
  0.00313039]"
Shadoma - Mini Vandals,"[2.7268456e-07 4.9152499e-07 3.8014426e-07 ... 1.0985852e-02 1.2537566e-02
 1.4476779e-02]"
Shadoma - Mini Vandals,[0.01105509 0.00932921 0.00800079 ... 0.10855962 0.12149362 0.14256796]
Shadoma - The Mini Vandals,"[2.7268456e-07 4.9152499e-07 3.8014426e-07 ... 1.0985852e-02 1.2537566e-02
 1.4476779e-02]"
Shadoma - The Mini Vandals,[0.01105509 0.00932921 0.00800079 ... 0.10855962 0.12149362 0.14256796]
Shine On - Jeremy Black,"[-0.00458661 -0.00492589 -0.00501032 ... -0.0049855   0.02540483
  0.08124585]"
Shine On - Jeremy Black,"[ 0.04515631 -0.03811111 -0.05781966 ...  0.02010741 -0.00106259
  0.01638121]"
Six Seasons - Unicorn Heads,"[-0.03935807 -0.03987628 -0.04031537 ... -0.01875371 -0.02410029
 -0.0308655 ]"
Six Seasons - Unicorn Heads,"[-0.03149892 -0.02494375 -0.01954113 ... -0.0327612  -0.04107091
 -0.05231972]"
Six Seasons - Unicorn Heads,"[-0.05103983 -0.04538755 -0.04510805 ...  0.06158044  0.07824968
  0.09923976]"
Six Seasons - Unicorn Heads,[0.10490893 0.10231281 0.1005119  ... 0.01627691 0.0272352  0.03867834]
Six Seasons - Unicorn Heads,[0.1260679  0.11777178 0.11572438 ... 0.01187127 0.01385565 0.01621008]
Six Seasons - Unicorn Heads,"[ 0.04479784  0.05035857  0.05618422 ... -0.02122064 -0.02329716
 -0.02820331]"
Six Seasons - Unicorn Heads,"[ 0.00505595  0.00215949 -0.00496381 ...  0.03429852  0.03938369
  0.0465109 ]"
Smoke Jacket Blues - TrackTribe,"[ 0.00019325  0.00020984  0.00018747 ... -0.00547803 -0.00046206
 -0.00199178]"
Smoke Jacket Blues - TrackTribe,[0.04534487 0.04128947 0.03557441 ... 0.08921753 0.07166646 0.07973294]
Smokey's Lounge - TrackTribe,"[ 0.01505308  0.01514451  0.01535495 ... -0.06137832 -0.06187023
 -0.06155438]"
Smokey's Lounge - TrackTribe,"[ 0.00994101  0.01003311  0.00993234 ... -0.01812219 -0.00703331
 -0.01403706]"
Smokey's Lounge - TrackTribe,"[-0.02211157 -0.02744004 -0.04455338 ... -0.00083287 -0.00113415
 -0.00147548]"
Snowy Peaks pt I - Chris Haugen,"[3.7091818e-06 9.0049507e-06 1.3993745e-05 ... 7.6169563e-03 5.9554372e-03
 7.0285005e-03]"
Snowy Peaks pt I - Chris Haugen,"[-0.00875654 -0.01123764 -0.01067334 ... -0.02336901 -0.02437592
 -0.02103559]"
Snowy Peaks pt II - Chris Haugen,[0.00057622 0.00056919 0.00058727 ... 0.00570652 0.0026139  0.00328041]
Something You Could Never Own (Clean) - NEFFEX,"[-4.6056384e-06 -4.2687593e-06 -3.5810119e-06 ... -3.9457876e-02
  8.3847240e-02 -1.4757092e-01]"
Something You Could Never Own (Clean) - NEFFEX,"[-0.2876212  -0.21600589 -0.1720371  ... -0.06221787 -0.05498978
 -0.09650861]"
Something You Could Never Own (Instrumental) - NEFFEX,"[-8.1086982e-06 -8.5572947e-06 -8.5999545e-06 ... -6.6170916e-02
 -1.9942280e-02 -2.6147269e-02]"
Something You Could Never Own (Instrumental) - NEFFEX,"[-0.21843144 -0.16907297 -0.20931102 ...  0.0423937   0.03966914
  0.04641082]"
Something You Could Never Own - NEFFEX,"[ 2.50263780e-04  1.45421989e-04  5.60159737e-04 ... -1.08234905e-01
 -2.77427316e-01 -1.46532804e-01]"
Something You Could Never Own - NEFFEX,"[-0.1465896  -0.28602716 -0.28913465 ...  0.02072351 -0.3418806
 -0.18050313]"
Somewhere Fuse - French Fuse,"[-1.2515286e-06  1.4212116e-06 -1.0924978e-06 ... -4.2883459e-02
 -4.1336909e-02 -4.3727830e-02]"
Somewhere Fuse - French Fuse,"[-0.03359858 -0.02733854 -0.03098167 ... -0.05106385 -0.03830973
 -0.05438591]"
Soul Food - Chris Haugen,[0.03117237 0.02923758 0.02660592 ... 0.02524208 0.01465269 0.02755651]
Space Age Hustle - Squadda B,"[ 0.00019405  0.0001921   0.00020652 ... -0.02352668 -0.0194952
 -0.02456412]"
Spanish Moss - Chris Haugen,"[-7.5703568e-08 -1.3826713e-07 -5.1270587e-07 ... -2.2968974e-02
 -2.1297479e-02 -1.6249258e-02]"
Spanish Moss - Chris Haugen,[0.00998411 0.00686022 0.00570082 ... 0.00127348 0.00134906 0.00102734]
Squadda B TV - Squadda B,"[-0.00023001 -0.00021098 -0.00018513 ... -0.12927465 -0.13181317
 -0.13448888]"
Squadda B TV - Squadda B,"[-0.09128304 -0.09537938 -0.09812436 ... -0.1032981  -0.10568223
 -0.11522115]"
Squadda B TV - Squadda B,"[-2.0800393e-02  9.6001010e-03  9.0128351e-03 ...  1.3031258e-05
 -1.5734475e-05  1.0053257e-05]"
Squadda Bambino Tumblr - Squadda B,"[-5.1806122e-04 -3.2700403e-04 -1.4827588e-04 ...  1.8342559e-01
  1.9908200e-01  2.1932885e-01]"
Squadda Bambino Tumblr - Squadda B,[0.39721718 0.36246628 0.3453566  ... 0.06104198 0.06626146 0.07675165]
Squadda Bambino Tumblr - Squadda B,"[ 1.6357891e-02  1.1734959e-02  9.9615762e-03 ...  1.0499148e-05
 -4.9182577e-06 -6.3598036e-06]"
Statement (Clean) - NEFFEX,"[6.5197963e-07 8.0080576e-07 7.7090851e-07 ... 6.4478688e-02 7.3076854e-03
 4.4986397e-02]"
Statement (Clean) - NEFFEX,"[ 0.0960661   0.03651828  0.06073746 ... -0.00602802 -0.00343031
 -0.00678738]"
Statement (Clean) - NEFFEX,[0.00169425 0.00503476 0.00283365 ... 0.04676211 0.07283077 0.05670859]
Statement - NEFFEX,"[ 0.00378543  0.00422514  0.00419874 ... -0.02362976  0.0063644
 -0.0247384 ]"
Statement - NEFFEX,"[ 0.0204716   0.04005379  0.01891967 ... -0.00750885  0.04032081
  0.01867541]"
Statement - NEFFEX,"[-0.01109568 -0.00462276  0.00571119 ... -0.01924187 -0.03285867
 -0.073446  ]"
Stellar Wind - Unicorn Heads,"[ 0.03507792  0.03489009  0.03446592 ... -0.01439923 -0.01411774
 -0.01613882]"
Stellar Wind - Unicorn Heads,"[ 0.00887925  0.00350542  0.00345334 ... -0.06401467 -0.06919811
 -0.08297055]"
Stellar Wind - Unicorn Heads,"[-0.13980326 -0.11646287 -0.09814496 ...  0.00740355  0.00688365
  0.00499739]"
Stellar Wind - Unicorn Heads,"[-0.01172856 -0.00494014 -0.00736899 ...  0.0073487   0.00184987
 -0.01176895]"
Stellar Wind - Unicorn Heads,"[-0.05414753 -0.05064479 -0.04839471 ...  0.00466813  0.0008793
 -0.00150324]"
Stellar Wind - Unicorn Heads,"[-0.05194178 -0.04597604 -0.03478579 ...  0.01553827  0.01410449
  0.00743363]"
Stellar Wind - Unicorn Heads,"[-0.03306717 -0.02922954 -0.02086607 ...  0.00667073  0.01143969
  0.01827421]"
Straight Fuse - French Fuse,[0.         0.         0.         ... 0.06097517 0.0712265  0.08454542]
Sunshine - Telecasted,[0.         0.         0.         ... 0.12587142 0.12855034 0.17449982]
Sunshine - Telecasted,"[ 6.5747172e-02 -1.0953982e-02  9.0072928e-03 ... -7.1514110e-06
  4.0517311e-06 -1.6962232e-06]"
"Sweet Dreams, My Dear - 소향(SoHyang) MV ver. ","[ 0.          0.          0.         ... -0.11280224 -0.10900022
 -0.07326971]"
"Sweet Dreams, My Dear - 소향(SoHyang) MV ver. ","[-0.01273793 -0.00106066  0.00393307 ...  0.13028516  0.15388754
  0.15297318]"
"Sweet Dreams, My Dear - 소향(SoHyang) MV ver. ","[-0.04479774  0.01838227  0.07612884 ... -0.00438742 -0.00586377
 -0.00616392]"
Switched on Carcassi - Brian Bolger,"[-1.2259855e-05  9.4480311e-06 -2.7729873e-05 ... -7.8196734e-02
 -7.7597745e-02 -9.9062867e-02]"
Take Me Back - NEFFEX,"[ 2.3986171e-05 -3.1429686e-06 -2.0221465e-05 ... -2.0274060e-02
 -2.0599717e-02 -9.3134649e-02]"
Take Me Back - NEFFEX,"[-0.22029862 -0.17481524 -0.20230943 ...  0.02636243  0.03124749
  0.0036568 ]"
Take Me Back - NEFFEX,[0.04973001 0.0589894  0.03276813 ... 0.09449323 0.09142181 0.14002079]
Target Fuse - French Fuse,"[ 0.          0.          0.         ... -0.01016706  0.00326695
  0.01600572]"
Target Fuse - French Fuse,"[ 0.02410795  0.01245574  0.01008673 ...  0.0006695  -0.00188314
 -0.00448902]"
Tell Me That I Can't (Clean) - NEFFEX,"[ 2.17622110e-05  2.93288795e-05  2.50106550e-05 ...  1.19143166e-01
 -3.52086164e-02  6.70398548e-02]"
Tell Me That I Can't (Clean) - NEFFEX,"[ 0.4868385   0.28561655  0.26020178 ... -0.03533601 -0.02547466
 -0.08311086]"
Tell Me That I Can't (Instrumental) - NEFFEX (1),"[-3.83071856e-05 -3.82581929e-05 -3.83079532e-05 ...  2.82021873e-02
 -1.67929947e-01 -1.01306826e-01]"
Tell Me That I Can't (Instrumental) - NEFFEX (1),"[ 0.035825   -0.09602369  0.00315932 ...  0.0509858   0.05944954
  0.08172563]"
Tell Me That I Can't (Instrumental) - NEFFEX,"[-3.83071856e-05 -3.82581929e-05 -3.83079532e-05 ...  2.82021873e-02
 -1.67929947e-01 -1.01306826e-01]"
Tell Me That I Can't (Instrumental) - NEFFEX,"[ 0.035825   -0.09602369  0.00315932 ...  0.0509858   0.05944954
  0.08172563]"
Tell Me That I Can't - NEFFEX,"[ 0.00031151  0.00033335  0.00042592 ... -0.03892357  0.12513119
 -0.01754096]"
Tell Me That I Can't - NEFFEX,"[-0.06684627  0.07238124 -0.01608942 ... -0.03218475 -0.0421875
 -0.02771312]"
Tempos Vari - Freedom Trail Studio,"[-9.4634979e-06 -2.2657434e-06  1.5612019e-05 ...  2.8230945e-02
  2.5125124e-02  4.1148774e-02]"
Tempos Vari - Freedom Trail Studio,"[-0.01251657 -0.0265546  -0.0233064  ...  0.02239746  0.02436356
  0.02908364]"
That's What It Takes (Clean) - NEFFEX,"[-1.60698050e-06  1.43193404e-07  2.16677518e-06 ... -1.13402665e-01
 -6.96236566e-02 -1.28307894e-01]"
That's What It Takes (Clean) - NEFFEX,"[-0.10898735 -0.04515338 -0.07529786 ... -0.0534596  -0.00437197
 -0.04789251]"
That's What It Takes (Instrumental) - NEFFEX,"[3.2430182e-07 1.7960110e-06 1.8360510e-06 ... 2.7148562e-02 2.6153477e-02
 4.5466434e-02]"
That's What It Takes (Instrumental) - NEFFEX,"[ 0.03308791  0.01122127  0.02616084 ... -0.05872874 -0.04093147
 -0.04799153]"
That's What It Takes - NEFFEX,"[ 0.          0.          0.         ... -0.07105885 -0.06080652
 -0.03782934]"
That's What It Takes - NEFFEX,"[ 0.05337036  0.0864322   0.10669164 ... -0.11115952 -0.17594728
 -0.19228606]"
The Empty Moons of Jupiter - DivKid,"[ 7.2038756e-06 -7.8452958e-06  8.0152367e-06 ... -3.3385217e-02
 -4.8252575e-02 -8.2501784e-02]"
The Empty Moons of Jupiter - DivKid,"[-0.16085956 -0.14200297 -0.1305419  ... -0.01584137 -0.00427401
  0.01187071]"
The Empty Moons of Jupiter - DivKid,[0.0647407  0.05744974 0.05243203 ... 0.00606014 0.0062085  0.0055276 ]
The Gentlemen - DivKid,[0.00212479 0.0070464  0.00971668 ... 0.2796928  0.2629536  0.23961851]
The Gentlemen - DivKid,[0.08171905 0.12343045 0.08811545 ... 0.01519608 0.01544562 0.02092608]
The Gentlemen - DivKid,[0.029997   0.03212862 0.03181645 ... 0.03034806 0.03141247 0.03562741]
The Itch (Instrumental) - NEFFEX,"[-1.6704839e-09  6.9740416e-08  1.0887796e-07 ... -7.0557103e-02
 -6.0188763e-02 -1.0488326e-01]"
The Itch (Instrumental) - NEFFEX,"[-0.1500433  -0.10491704 -0.1247714  ... -0.03873167 -0.03066018
 -0.01629753]"
The Itch - NEFFEX,"[ 0.00680696  0.01105382  0.00929778 ... -0.01657889 -0.01003986
 -0.0021292 ]"
The Itch - NEFFEX,"[-0.13405956 -0.12880026 -0.12962827 ... -0.2042747  -0.22021686
 -0.29014108]"
The Stoic and the Sailor - Unicorn Heads,"[-1.5049650e-07  4.0527807e-06  9.0615031e-06 ... -9.3564959e-03
 -1.5195819e-02 -2.1541206e-02]"
The Stoic and the Sailor - Unicorn Heads,"[-0.02229849 -0.01962756 -0.01624207 ... -0.04816034 -0.03796131
 -0.01853222]"
The Stoic and the Sailor - Unicorn Heads,"[ 0.01771598  0.04182812  0.05686393 ... -0.08177669 -0.09006036
 -0.10383683]"
The Stoic and the Sailor - Unicorn Heads,"[-0.06595556 -0.05144399 -0.04228147 ...  0.03368276  0.03915823
  0.04612559]"
The Stoic and the Sailor - Unicorn Heads,[0.05041885 0.03390678 0.02098682 ... 0.02980335 0.03736988 0.05910381]
The Stoic and the Sailor - Unicorn Heads,[0.04347774 0.04635111 0.05162264 ... 0.01798476 0.02834999 0.03843095]
The Thought of You - TrackTribe,"[ 5.6437983e-07 -2.3245786e-06 -3.6706865e-07 ...  2.7382534e-04
  3.3580832e-04  1.2719971e-03]"
The Thought of You - TrackTribe,[0.00318813 0.00377885 0.00562365 ... 0.02473113 0.0170287  0.01082064]
The Thought of You - TrackTribe,"[ 0.04028969  0.03218421  0.02761552 ... -0.00250655 -0.00056916
 -0.0018438 ]"
The Thought of You - TrackTribe,"[-0.00489423 -0.0046478  -0.0073539  ... -0.00443972 -0.00473524
 -0.00536285]"
This is Not a Christmas Song - NEFFEX,[0.0024595  0.00262168 0.00255909 ... 0.34759238 0.34595326 0.45514253]
This is Not a Christmas Song - NEFFEX,"[ 0.33705246  0.20719326  0.20836943 ... -0.00653782 -0.01707751
 -0.04210958]"
This is Not a Christmas Song - NEFFEX,"[-0.01754002 -0.01638863 -0.02946603 ... -0.04553019 -0.07018146
 -0.09018394]"
Thunder - Telecasted,"[ 0.0000000e+00 -7.3665659e-15 -3.1780812e-14 ...  2.6266018e-02
  4.2330981e-03 -3.3481862e-02]"
Thunder - Telecasted,"[-0.0505336  -0.06173424 -0.0697863  ...  0.09723954  0.09448774
  0.09979526]"
Til I Hear'em Say (Instrumental) - NEFFEX,"[ 3.5084413e-05 -4.8069967e-05 -8.2434271e-05 ... -5.3696115e-02
 -9.6165324e-03 -4.7983762e-02]"
Til I Hear'em Say (Instrumental) - NEFFEX,"[-0.1919101  -0.14993902 -0.17583142 ... -0.10120167 -0.11776692
 -0.09368011]"
Til I Hear'em Say - NEFFEX,"[ 0.03192372  0.00368656 -0.07701864 ... -0.05973227 -0.09871666
 -0.05530239]"
Til I Hear'em Say - NEFFEX,"[-0.11423395 -0.198455   -0.13263321 ... -0.09488751 -0.0262437
 -0.1056893 ]"
Till I Let Go (Instrumental) - NEFFEX,"[-1.4603279e-07 -1.6087687e-07 -1.7915042e-07 ... -2.6541302e-01
 -1.4100027e-01 -1.9360530e-01]"
Till I Let Go (Instrumental) - NEFFEX,"[-0.2051228  -0.17667411 -0.08063018 ... -0.00295963  0.01080748
  0.03675072]"
Till I Let Go (Instrumental) - NEFFEX,"[ 1.7104540e-02  7.7403649e-03  8.0345618e-03 ... -3.9864867e-06
  2.7777650e-08 -1.5294196e-05]"
Till I Let Go - NEFFEX,"[ 0.00106444  0.00127357  0.00146104 ... -0.03050323 -0.06470086
 -0.02517502]"
Till I Let Go - NEFFEX,[0.12932265 0.11647626 0.08698562 ... 0.12244372 0.10659505 0.0822456 ]
Till I Let Go - NEFFEX,"[ 1.4155647e-01  7.4572079e-02  6.1238706e-02 ... -7.0956235e-06
 -1.9022318e-05 -1.4525886e-05]"
Time to Spare - An Jone,"[-6.4333922e-06 -5.9624249e-06  5.1842460e-07 ... -2.5069118e-03
 -3.1639868e-03 -8.4962435e-03]"
Time to Spare - An Jone,"[-0.03399073 -0.03085964 -0.02999428 ...  0.02259812  0.03136709
  0.03796921]"
To Loom Is to Love - Mini Vandals,"[ 9.3142475e-08 -1.7956441e-07 -1.3393257e-07 ...  1.2770119e-02
  1.2514180e-02  1.3537051e-02]"
To Loom Is to Love - The Mini Vandals,"[ 9.3142475e-08 -1.7956441e-07 -1.3393257e-07 ...  1.2770119e-02
  1.2514180e-02  1.3537051e-02]"
Tough - NEFFEX,"[-0.00893255 -0.00887752 -0.00846119 ... -0.04467609  0.04560386
 -0.0649798 ]"
Tough - NEFFEX,"[-0.06560139  0.5006508  -0.3423719  ...  0.10680573  0.10203826
  0.06799337]"
Travel Nonstop - Squadda B,"[ 1.7646889e-05  2.1521637e-05  3.4130193e-05 ...  1.8872068e-03
 -2.0124030e-03  6.6103167e-03]"
Tropic Fuse - French Fuse,"[-5.4205692e-08  3.8203535e-08 -1.6762980e-08 ...  2.0511698e-02
  1.2008227e-02  1.7193511e-02]"
URL Melt - Unicorn Heads,"[ 0.02974875  0.02546733  0.020003   ... -0.00363677 -0.00373529
 -0.00655075]"
URL Melt - Unicorn Heads,"[-0.01488821 -0.01377467 -0.01393365 ... -0.01162557 -0.00866594
 -0.0131836 ]"
URL Melt - Unicorn Heads,"[-0.01196646 -0.01152887 -0.01366597 ... -0.01114984 -0.01385394
 -0.00458571]"
URL Melt - Unicorn Heads,"[ 0.02006594  0.01909296  0.01805897 ... -0.00277575 -0.00283442
  0.00266378]"
URL Melt - Unicorn Heads,"[-0.00549946 -0.01179984 -0.01145141 ...  0.00297582  0.00249797
  0.00305542]"
URL Melt - Unicorn Heads,[0.01014359 0.01269773 0.01333844 ... 0.01361432 0.0129838  0.01682432]
URL Melt - Unicorn Heads,"[ 0.00281507  0.00145321 -0.00105875 ...  0.03128314  0.02281262
  0.03368288]"
URL Melt - Unicorn Heads,"[ 0.06454664  0.04650516  0.03882915 ...  0.00102898 -0.00436104
 -0.02338786]"
URL Melt - Unicorn Heads,"[-0.06414089 -0.05072965 -0.04038381 ...  0.00021178 -0.00123499
 -0.00290233]"
Vaquero Perdido - Mini Vandals,"[ 0.00325208  0.00383047  0.00206161 ... -0.00237185 -0.00589692
 -0.00082263]"
Vaquero Perdido - Mini Vandals,"[ 0.01622194  0.01112213  0.01563179 ... -0.01888705 -0.01859026
 -0.01539035]"
Vaquero Perdido - The Mini Vandals,"[ 0.00325208  0.00383047  0.00206161 ... -0.00237185 -0.00589692
 -0.00082263]"
Vaquero Perdido - The Mini Vandals,"[ 0.01622194  0.01112213  0.01563179 ... -0.01888705 -0.01859026
 -0.01539035]"
Vespers on the Shore - Mini Vandals,"[ 1.0847414e-07 -2.0736857e-07 -2.6757257e-07 ...  6.4649555e-04
  7.3269551e-04  7.6692540e-04]"
Vespers on the Shore - Mini Vandals,"[-0.00062499 -0.00034826 -0.00043995 ...  0.00296972  0.00329578
  0.00271106]"
Vespers on the Shore - The Mini Vandals,"[ 1.0847414e-07 -2.0736857e-07 -2.6757257e-07 ...  6.4649555e-04
  7.3269551e-04  7.6692540e-04]"
Vespers on the Shore - The Mini Vandals,"[-0.00062499 -0.00034826 -0.00043995 ...  0.00296972  0.00329578
  0.00271106]"
Voices - Patrick Patrikios,"[-0.00026996 -0.00028437 -0.00026694 ... -0.05732433 -0.06463663
 -0.11413793]"
Voices - Patrick Patrikios,"[-0.12403931 -0.07807073 -0.06529262 ... -0.04818165 -0.05058592
 -0.05113217]"
Watch Your Back - Jeremy Black,"[-0.00026259 -0.00033763 -0.00022924 ... -0.00577018 -0.00447308
 -0.00112979]"
Watch Your Back - Jeremy Black,"[ 0.08568942  0.08560304  0.07605692 ...  0.00241374 -0.00214888
  0.00406746]"
Watch Your Back - Jeremy Black,"[ 0.04954391  0.0505489   0.05315427 ... -0.00521136 -0.0020589
 -0.00128891]"
Watch Your Back - Jeremy Black,"[ 0.10677116  0.10647842  0.0978626  ... -0.00598341 -0.00521477
 -0.00199866]"
We Bubbles - Freedom Trail Studio,"[-4.58047316e-06 -7.32188983e-06  1.22982365e-05 ...  4.49281512e-03
 -8.21797550e-03  2.66600330e-03]"
We Bubbles - Freedom Trail Studio,"[ 0.06931499  0.05134672  0.04948232 ... -0.05318051 -0.04302426
 -0.08304642]"
West Bad - Jeremy Black,"[-2.6806692e-06 -1.6018572e-05 -6.8028021e-06 ...  8.3050784e-04
 -2.0124954e-03  4.1903206e-03]"
West Bad - Jeremy Black,"[-0.00755258 -0.01603012 -0.01140048 ... -0.00229144 -0.00797541
 -0.00693108]"
West Bad - Jeremy Black,"[ 0.01809901  0.00287813  0.01138977 ...  0.01048657 -0.01075308
  0.02845846]"
Who Do You Think I Think You Are,"[ 9.0602960e-05  4.3091197e-05  9.9611476e-05 ...  2.8677296e-02
 -1.2495131e-02 -9.3269661e-02]"
Who Do You Think I Think You Are,"[-0.07963555 -0.05908042 -0.03707117 ... -0.02353758 -0.05013824
 -0.06578747]"
Would it Kill You,"[ 7.1778720e-07 -1.1024023e-06  2.0880022e-06 ... -2.4265824e-02
 -3.4182917e-02 -2.8297018e-02]"
Yah Ribon - E's Jammy Jams,"[6.2803269e-07 3.4565659e-07 8.8266596e-08 ... 2.5921950e-02 3.4271237e-02
 6.2658936e-02]"
Yah Ribon - E's Jammy Jams,"[ 0.12634149  0.12352059  0.11869117 ... -0.04752757 -0.05524584
 -0.06776472]"
Yah Ribon - E's Jammy Jams,"[-0.11044756 -0.10325804 -0.09815828 ... -0.1296044  -0.1450242
 -0.16260968]"
Yah Ribon - E's Jammy Jams,"[-0.1906533  -0.18085551 -0.17129621 ... -0.02953309 -0.0251476
 -0.02751158]"
Yismach Chatoni - E's Jammy Jams,"[-3.3105181e-07  4.2982074e-07 -2.8360611e-07 ... -2.6439708e-02
 -8.4550362e-03 -3.7870985e-02]"
Yismach Chatoni - E's Jammy Jams,"[-0.10412113 -0.08142154 -0.08874619 ...  0.00016787  0.00304913
  0.00932993]"
YOASOBI - 夜に駆ける (밤을 달리다) [한국어 자막 - 가사 번역] (320  kbps) (savefrom.kr),[0.         0.         0.         ... 0.22733404 0.22553664 0.25041664]
YOASOBI - 夜に駆ける (밤을 달리다) [한국어 자막 - 가사 번역] (320  kbps) (savefrom.kr),[0.05155259 0.049845   0.06364068 ... 0.14358379 0.12400145 0.17272621]
YOASOBI - 夜に駆ける (밤을 달리다) [한국어 자막 - 가사 번역] (320  kbps) (savefrom.kr),[0.05786018 0.02992842 0.02206698 ... 0.11211694 0.10959965 0.14778577]
YOASOBI - 夜に駆ける (밤을 달리다) [한국어 자막 - 가사 번역] (320  kbps) (savefrom.kr),[0.04936767 0.0309823  0.02456712 ... 0.17340745 0.19619898 0.21650948]
YOASOBI - 夜に駆ける - THE HOME TAKE (320  kbps) (savefrom.kr) (1),"[3.7714381e-06 3.1731786e-06 1.7125864e-06 ... 3.6361109e-02 2.9040212e-02
 1.7645739e-02]"
YOASOBI - 夜に駆ける - THE HOME TAKE (320  kbps) (savefrom.kr) (1),"[ 0.14568001  0.1321502   0.15663642 ... -0.16770904 -0.1616915
 -0.08023757]"
YOASOBI - 夜に駆ける - THE HOME TAKE (320  kbps) (savefrom.kr) (1),[0.04335869 0.06416154 0.06409605 ... 0.06737659 0.07539974 0.08181563]
YOASOBI - 夜に駆ける - THE HOME TAKE (320  kbps) (savefrom.kr) (1),"[ 0.07974525  0.09620058  0.11592301 ... -0.03312002 -0.03231012
 -0.03306805]"
Yoga Style - Chris Haugen,"[ 4.70210125e-06 -1.36911212e-05  1.01154692e-05 ... -1.29351085e-02
 -1.05098356e-02 -1.40446033e-02]"
Yoga Style - Chris Haugen,"[ 2.8977875e-05 -7.4261340e-04 -5.5088215e-03 ...  2.8818801e-02
  1.7186506e-02  3.1651929e-03]"
Your Love - Yung Logos,"[-0.00543506 -0.00526677 -0.00509443 ... -0.19428904 -0.19813941
 -0.20138606]"
Your Love - Yung Logos,"[-0.2311718  -0.22811688 -0.23228359 ... -0.006892   -0.01053118
 -0.01535543]"
Zula - Mini Vandals,"[-2.5356017e-06  1.3193994e-06 -9.9977484e-08 ...  1.8606010e-01
  1.9140720e-01  2.4203619e-01]"
Zula - Mini Vandals,"[ 0.10800687  0.05470147  0.06224283 ... -0.00550259  0.01250596
  0.04836185]"
[STAR ZOOM IN] IU - The Red Shoes ★Halloween Stage★ [M COUNTDOWN EP.355] 151022 EP.37 (320  kbps) (savefrom.kr),"[ 0.          0.          0.         ... -0.0876863  -0.12189731
 -0.11966899]"
[STAR ZOOM IN] IU - The Red Shoes ★Halloween Stage★ [M COUNTDOWN EP.355] 151022 EP.37 (320  kbps) (savefrom.kr),[0.03866113 0.09864687 0.08264801 ... 0.10727455 0.10266285 0.1450901 ]
[STAR ZOOM IN] IU - The Red Shoes ★Halloween Stage★ [M COUNTDOWN EP.355] 151022 EP.37 (320  kbps) (savefrom.kr),[0.16201694 0.13562271 0.10577404 ... 0.03352144 0.0360295  0.01270099]
[STAR ZOOM IN] IU - The Red Shoes ★Halloween Stage★ [M COUNTDOWN EP.355] 151022 EP.37 (320  kbps) (savefrom.kr),"[ 0.0008281   0.00024613 -0.00364228 ...  0.01985512  0.00353257
 -0.0044719 ]"
[TJ노래방 - 남자키] 분홍신 - IU - TJ Karaoke (320  kbps) (savefrom.kr),"[ 0.0000000e+00 -1.1674472e-21  3.6038139e-21 ... -6.0841706e-02
 -6.3437104e-02 -6.5460041e-02]"
[TJ노래방 - 남자키] 분홍신 - IU - TJ Karaoke (320  kbps) (savefrom.kr),"[-0.00314064  0.00203442  0.0142023  ... -0.14861336 -0.12952106
 -0.10794522]"
[TJ노래방 - 남자키] 분홍신 - IU - TJ Karaoke (320  kbps) (savefrom.kr),"[-0.0419271  -0.05784432 -0.09116863 ...  0.00785399  0.00986363
  0.00505407]"
[TJ노래방 - 남자키] 분홍신 - IU - TJ Karaoke (320  kbps) (savefrom.kr),"[-0.01247172 -0.01053189 -0.00956172 ...  0.02979529  0.02393513
  0.0259948 ]"
[TJ노래방] 야생화 - 박효신 (Wild Flower - Park Hyo Shin) - TJ Karaoke (320  kbps) (savefrom.kr),"[ 0.          0.          0.         ... -0.02908796 -0.03797568
 -0.04083303]"
[TJ노래방] 야생화 - 박효신 (Wild Flower - Park Hyo Shin) - TJ Karaoke (320  kbps) (savefrom.kr),"[-0.01947709 -0.02638832 -0.0193351  ... -0.02324264 -0.00346828
  0.00155721]"
[TJ노래방] 야생화 - 박효신 (Wild Flower - Park Hyo Shin) - TJ Karaoke (320  kbps) (savefrom.kr),[0.05272504 0.03619434 0.01430717 ... 0.03881503 0.03304988 0.03644708]
[TJ노래방] 야생화 - 박효신 (Wild Flower - Park Hyo Shin) - TJ Karaoke (320  kbps) (savefrom.kr),"[-0.01899871 -0.00958854 -0.00134023 ... -0.00971952 -0.00430158
  0.00302625]"
[TJ노래방] 야생화 - 박효신 (Wild Flower - Park Hyo Shin) - TJ Karaoke (320  kbps) (savefrom.kr),"[-0.03869437 -0.06088477 -0.03434139 ... -0.00325085 -0.00377173
 -0.00446762]"
[로스트아크 l OST] 몽환의 아스탤지어(유저피셜 찬미버전) - Astalgia of Phantasm -LOST ARK Official Soundtrack (320  kbps) (savefrom.kr),"[ 0.0000000e+00 -1.0517494e-17  4.3178494e-17 ...  8.3046794e-02
  7.4622743e-02  7.2819486e-02]"
[로스트아크 l OST] 몽환의 아스탤지어(유저피셜 찬미버전) - Astalgia of Phantasm -LOST ARK Official Soundtrack (320  kbps) (savefrom.kr),"[ 0.03780438  0.0320107   0.03054238 ... -0.00039775 -0.0037457
  0.00631965]"
[로스트아크 l OST] 몽환의 아스탤지어(유저피셜 찬미버전) - Astalgia of Phantasm -LOST ARK Official Soundtrack (320  kbps) (savefrom.kr),[0.12515406 0.13272533 0.1239142  ... 0.03675539 0.0548857  0.07715066]
[로스트아크 l OST] 몽환의 아스탤지어(유저피셜 찬미버전) - Astalgia of Phantasm -LOST ARK Official Soundtrack (320  kbps) (savefrom.kr),"[ 0.06737001  0.07492289  0.06885035 ... -0.02235653 -0.0437031
 -0.02698714]"
[로스트아크 l OST] 몽환의 아스탤지어(유저피셜 찬미버전) - Astalgia of Phantasm -LOST ARK Official Soundtrack (320  kbps) (savefrom.kr),"[-0.14578548 -0.12151923 -0.09882158 ...  0.02629481  0.0324828
  0.03961999]"
분홍신 4키 다운,"[ 0.          0.          0.         ... -0.02350609  0.00552409
  0.01193836]"
분홍신 4키 다운,"[ 0.02554577 -0.01536888 -0.07241185 ... -0.02013501 -0.01900204
 -0.0207846 ]"
분홍신 4키 다운,"[ 0.05953777  0.13557129  0.1833295  ...  0.00868208 -0.05279614
 -0.10610237]"
분홍신 4키 다운,"[-0.07585065 -0.06656228 -0.06940069 ... -0.01391419 -0.02945901
 -0.05056015]"
야생화 -2키 ,[0.         0.         0.         ... 0.00380556 0.00548625 0.00640862]
야생화 -2키 ,"[ 0.00722251  0.00868997  0.00810275 ... -0.06306634 -0.08396944
 -0.08515409]"
야생화 -2키 ,"[-0.0614358  -0.07295257 -0.04871701 ... -0.0036578  -0.00139784
  0.00600048]"
야생화 -2키 ,[0.03347465 0.03600099 0.0220078  ... 0.02386081 0.02409364 0.02419909]
야생화 -2키 ,"[-0.01263519 -0.01213316 -0.01185263 ...  0.05613459  0.06733224
  0.05607474]"
