0,1,2,song_start,same_song
19th Floor - Bobby Richards,"[-0.02708551 -0.01524549 -0.01482627 ... -0.08778409 -0.11014347
 -0.09898327]",0,0,0
19th Floor - Bobby Richards,"[ 5.7658415e-02  4.8729025e-02  1.7981315e-02 ... -2.1051521e-05
 -2.1187298e-05 -2.5471534e-05]",1,0,0
2022 로스트아크 콘서트,[0.         0.         0.         ... 0.06729286 0.05414636 0.0439667 ],2,2,619
2022 로스트아크 콘서트,"[-0.05306087 -0.04457686 -0.03623273 ... -0.102488   -0.09885862
 -0.05530716]",3,2,619
2022 로스트아크 콘서트,"[-0.15277052 -0.17711389 -0.16179313 ... -0.0895998  -0.12681155
 -0.12036835]",4,2,619
2022 로스트아크 콘서트,"[-0.16602284 -0.2221396  -0.25725356 ...  0.13070403  0.08751109
  0.05514016]",5,2,619
2022 로스트아크 콘서트,[0.02799997 0.0312327  0.05414768 ... 0.13464299 0.14054763 0.10360169],6,2,619
A Fool's Theme - Brian Bolger,"[ 0.00060201  0.00052418 -0.0002046  ... -0.10082359 -0.09219134
 -0.07707056]",7,7,7
A Fool's Theme - Brian Bolger,"[-0.06470464 -0.06004003 -0.04967964 ...  0.08229458  0.10035211
  0.10680154]",8,7,7
A Year Ago (Instrumental) - NEFFEX,"[-1.8545428e-06 -1.6032608e-06 -1.4153736e-06 ...  8.3732426e-02
  9.6765667e-02  8.0126576e-02]",9,9,9
A Year Ago (Instrumental) - NEFFEX,[0.13235484 0.184163   0.15812248 ... 0.27016053 0.24397294 0.21038833],10,9,9
A Year Ago - NEFFEX,"[-0.00145911 -0.00122926 -0.0009615  ... -0.13346133 -0.16843341
 -0.18501617]",11,11,11
A Year Ago - NEFFEX,"[-0.15130483 -0.17654146 -0.19019152 ... -0.2656834  -0.34364372
 -0.2909041 ]",12,11,11
Addict (Instrumental) - NEFFEX,"[ 0.          0.          0.         ... -0.0192368  -0.0441573
 -0.03625841]",13,13,13
Addict (Instrumental) - NEFFEX,"[-0.04769074 -0.05976686 -0.04328287 ...  0.13147463  0.18569162
  0.15858498]",14,13,13
Addict (Instrumental) - NEFFEX,"[ 0.08978061  0.11201028  0.11395765 ... -0.45922744 -0.4210788
 -0.35670212]",15,13,13
Addict - NEFFEX,"[-2.9722534e-05  1.4111446e-05  5.1005150e-05 ...  3.8239636e-02
  1.0763191e-01  1.2458506e-01]",16,16,16
Addict - NEFFEX,"[ 0.0731374   0.10937262  0.1217468  ... -0.11130222 -0.11344986
 -0.09488109]",17,16,16
Addict - NEFFEX,"[-0.02431114 -0.03787983 -0.05702722 ... -0.13489124 -0.12693928
 -0.10170256]",18,16,16
Anomalous Hedges - Mini Vandals,"[ 5.9574049e-05  7.5286633e-05  6.0801303e-05 ... -4.1402988e-02
 -2.8789589e-02 -1.3585445e-02]",19,19,19
Anomalous Hedges - Mini Vandals,"[-0.01709103 -0.01415396 -0.00916891 ...  0.04038052  0.04311583
  0.04229186]",20,19,19
Anomalous Hedges - Mini Vandals,"[-0.01810828 -0.01855708 -0.01915801 ... -0.15973675 -0.14570434
 -0.12716533]",21,19,19
Anomalous Hedges - The Mini Vandals,"[ 5.9574049e-05  7.5286633e-05  6.0801303e-05 ... -4.1402988e-02
 -2.8789589e-02 -1.3585445e-02]",22,22,22
Anomalous Hedges - The Mini Vandals,"[-0.01709103 -0.01415396 -0.00916891 ...  0.04038052  0.04311583
  0.04229186]",23,22,22
Anomalous Hedges - The Mini Vandals,"[-0.01810828 -0.01855708 -0.01915801 ... -0.15973675 -0.14570434
 -0.12716533]",24,22,22
As You Fade Away - NEFFEX,"[-0.00121245 -0.00068652 -0.00034479 ...  0.06794032  0.01766791
 -0.00940134]",25,25,25
As You Fade Away - NEFFEX,"[ 0.20032862  0.24608253  0.26728234 ... -0.00212767 -0.00140353
 -0.0036061 ]",26,25,25
As You Fade Away - NEFFEX,"[-0.0599934  -0.04927389 -0.04520252 ...  0.02179427 -0.09808891
 -0.14827216]",27,25,25
As You Fade Away - NEFFEX,"[ 0.01057904  0.02342549  0.05123384 ... -0.016402    0.00614081
  0.01812425]",28,25,25
Awful - josh pan,"[ 0.00010501  0.00010627  0.0001032  ... -0.10269066 -0.09722699
 -0.09153426]",29,29,29
Awful - josh pan,"[-0.09711915 -0.09769306 -0.09810134 ... -0.01715373 -0.01968816
 -0.02061344]",30,29,29
Awful - josh pan,"[-0.00046693 -0.00023979  0.00097951 ... -0.13642997 -0.13819543
 -0.11139775]",31,29,29
Backwoods BBQ - Chris Haugen,"[2.6488555e-05 3.9429586e-05 4.0618379e-05 ... 7.8946196e-02 8.0193192e-02
 6.0387928e-02]",32,32,32
Bay Street Billionaires - Squadda B,"[-7.0094691e-05 -7.1682174e-05 -7.5607248e-05 ...  1.3169120e-01
  1.5300491e-01  1.3193232e-01]",33,33,33
Bay Street Billionaires - Squadda B,"[ 0.13160565  0.13202533  0.10659055 ... -0.24047883 -0.12004567
 -0.04983461]",34,33,33
Baym Rebin in Palestina - E's Jammy Jams,"[ 0.0000000e+00  2.2711843e-17 -1.7805972e-16 ...  6.9550410e-02
  6.6265196e-02  5.7868745e-02]",35,35,35
Baym Rebin in Palestina - E's Jammy Jams,"[ 0.00919256  0.00521742 -0.00221817 ...  0.09142862  0.07555102
  0.0499738 ]",36,35,35
Baym Rebin in Palestina - E's Jammy Jams,[0.04492266 0.05128146 0.04122494 ... 0.14589955 0.15757151 0.15191442],37,35,35
Baym Rebin in Palestina - E's Jammy Jams,"[ 0.13015339  0.14309594  0.11004183 ... -0.01026234 -0.01329379
 -0.01401624]",38,35,35
Baym Rebin in Palestina - E's Jammy Jams,"[-9.2639262e-03 -1.0887117e-02 -1.2887599e-02 ...  6.3148555e-08
  1.0908631e-07  2.5772485e-07]",39,35,35
Believe (Instrumental) - NEFFEX,"[-1.6046181e-09  4.1735596e-10  1.3177507e-09 ... -1.2450498e-02
 -1.3005921e-02 -1.0662127e-02]",40,40,40
Believe (Instrumental) - NEFFEX,"[-0.06170404 -0.0669254  -0.06430255 ...  0.15026599  0.19035523
  0.14879656]",41,40,40
Believe - NEFFEX,"[-4.3612796e-05 -3.1730204e-05 -6.3862506e-05 ...  9.3772665e-02
  8.4931642e-02  6.6792108e-02]",42,42,42
Believe - NEFFEX,[0.08367356 0.12684514 0.11202589 ... 0.24637581 0.23519221 0.21615717],43,42,42
Birdseye Blues - Chris Haugen,"[4.0339582e-06 7.8595285e-06 1.9533849e-05 ... 3.6166905e-04 1.4544150e-02
 2.5514709e-02]",44,44,44
Bite Me (Clean) - NEFFEX,"[ 0.00024721  0.00028948  0.00028122 ... -0.14127935 -0.16784608
 -0.15935282]",45,45,45
Bite Me (Clean) - NEFFEX,"[-0.10212509 -0.1150859  -0.11010318 ...  0.04073711  0.04972607
  0.03017359]",46,45,45
Bite Me (Clean) - NEFFEX,"[ 0.03206196  0.05167262  0.06652039 ... -0.00565143  0.03904137
  0.05507217]",47,45,45
Bite Me (Instrumental) - NEFFEX,"[ 0.00032649  0.00038416  0.00042754 ... -0.01159229 -0.00994787
 -0.00611689]",48,48,48
Bite Me (Instrumental) - NEFFEX,"[-0.00124266  0.00071688  0.00131606 ...  0.00124246 -0.00063607
 -0.00084637]",49,48,48
Bite Me (Instrumental) - NEFFEX,"[-0.00132741 -0.00340148 -0.00674914 ...  0.11681981  0.11808685
  0.09177846]",50,48,48
Bite Me - NEFFEX,"[-0.01670296 -0.01434871 -0.01414082 ... -0.24284686 -0.2445975
 -0.18894029]",51,51,51
Bite Me - NEFFEX,"[-0.18363443 -0.17414244 -0.10988931 ... -0.00492053 -0.01471696
 -0.01125147]",52,51,51
Bite Me - NEFFEX,"[-0.02302183 -0.01360772  0.02564386 ...  0.420109    0.45484227
  0.4128225 ]",53,51,51
Black Mass - Brian Bolger,"[2.8723864e-08 3.4820815e-08 3.0586548e-08 ... 1.2573615e-02 1.2828770e-02
 1.4161389e-02]",54,54,54
Black Mass - Brian Bolger,"[-0.02833743 -0.030626   -0.0334789  ...  0.21052215  0.19053207
  0.15893984]",55,54,54
Blue Day - Freedom Trail Studio,"[ 2.0017884e-05 -8.7601720e-06  2.7685028e-06 ... -3.8722351e-01
 -4.5874289e-01 -3.5184571e-01]",56,56,56
Blue Day - Freedom Trail Studio,"[-0.27287868 -0.3161672  -0.28524134 ...  0.04173721 -0.02479614
 -0.05446654]",57,56,56
Blue Mood - Robert Munzinger,"[-0.01418483 -0.01455351 -0.01454314 ... -0.09597283 -0.09045433
 -0.08297259]",58,58,58
Blue Mood - Robert Munzinger,"[-0.09676364 -0.10448188 -0.09351934 ...  0.00579775  0.00057734
 -0.00242962]",59,58,58
Blue Mood - Robert Munzinger,"[-0.01951554 -0.0289666  -0.03508509 ... -0.08811116 -0.08599683
 -0.08286768]",60,58,58
Blue Mood - Robert Munzinger,"[-0.06368206 -0.07162855 -0.08553785 ...  0.02721635  0.02859826
  0.02723191]",61,58,58
Blue Mood - Robert Munzinger,[0.02764858 0.02880523 0.02458627 ... 0.13818406 0.14633957 0.14199547],62,58,58
Blue Mood - Robert Munzinger,[0.09863357 0.11766061 0.10568059 ... 0.00660196 0.00611607 0.00535648],63,58,58
Bonfire - An Jone,"[ 4.1867932e-04  3.3011351e-04  2.9763416e-04 ... -3.1129363e-01
 -2.9032308e-01 -2.6351911e-01]",64,64,64
Bonfire - An Jone,"[-0.09464879 -0.11341555 -0.12393675 ...  0.21342643  0.20000449
  0.17377606]",65,64,64
Bonfire - An Jone,[0.19819741 0.20892632 0.21760552 ... 0.05956107 0.05746795 0.05398802],66,64,64
Bop Walker - Freedom Trail Studio,"[ 1.4471475e-05 -3.0494950e-06 -1.2442432e-05 ...  1.0373564e-02
 -3.4100078e-03 -1.4528292e-02]",67,67,67
Bop Walker - Freedom Trail Studio,"[-0.03524064 -0.01739517 -0.01638193 ... -0.01162643 -0.00192849
  0.00416907]",68,67,67
Born a Rockstar (Instrumental) - NEFFEX,"[-7.8051133e-05 -7.6845019e-05 -6.4865155e-05 ...  1.9443633e-01
  2.2926341e-01  2.1468396e-01]",69,69,69
Born a Rockstar (Instrumental) - NEFFEX,"[ 0.06898364  0.12276036  0.11320832 ... -0.39034787 -0.38722166
 -0.32833642]",70,69,69
Born a Rockstar (Instrumental) - NEFFEX,"[-0.27032852 -0.34118372 -0.3791426  ... -0.16418856 -0.1640476
 -0.15861143]",71,69,69
Born a Rockstar - NEFFEX,"[-0.00634929 -0.00901274 -0.0100892  ...  0.44421133  0.5084648
  0.4129793 ]",72,72,72
Born a Rockstar - NEFFEX,[0.20803018 0.21129237 0.21032669 ... 0.37186328 0.36290574 0.29675496],73,72,72
Born a Rockstar - NEFFEX,"[ 0.2994916   0.34517264  0.37757888 ... -0.3854334  -0.3889069
 -0.33082783]",74,72,72
Break Your Lock and Key - Mini Vandals,"[-1.4475566e-05 -1.4656416e-05 -1.6004541e-06 ... -1.2578587e-01
 -1.2789655e-01 -1.0655451e-01]",75,75,75
Break Your Lock and Key - Mini Vandals,"[-0.06071074 -0.07618319 -0.0852026  ...  0.10252833  0.10794051
  0.07985053]",76,75,75
Breatha - josh pan,"[ 0.00144355  0.00140255  0.00134627 ... -0.10796867 -0.1156846
 -0.11761676]",77,77,77
Breatha - josh pan,"[ 0.02080824  0.02022208  0.01638062 ... -0.00095459 -0.00288649
 -0.00262912]",78,77,77
Breatha - josh pan,"[-5.8969888e-03 -6.6433786e-03 -2.3083373e-03 ...  3.3567842e-06
  1.0989188e-05  3.4350262e-06]",79,77,77
Breeze - Telecasted,"[-1.8786152e-06 -1.1949246e-04 -2.3598722e-04 ... -9.2198074e-02
 -1.2667263e-01 -1.0356889e-01]",80,80,80
Breeze - Telecasted,"[-0.07816522 -0.1013491  -0.10345056 ... -0.02208243 -0.03368541
 -0.03082022]",81,80,80
Broken Ladder - Jeremy Black,"[ 4.4916858e-05  5.0596936e-05  1.2668948e-05 ... -5.5205770e-02
 -7.0755854e-02 -6.2981106e-02]",82,82,82
Broken Ladder - Jeremy Black,"[-0.04137126 -0.05540703 -0.05723823 ...  0.05651476  0.05339693
  0.01475405]",83,82,82
Broken Ladder - Jeremy Black,"[-0.10908651 -0.15214686 -0.17849584 ...  0.07603546  0.11790362
  0.09751697]",84,82,82
Broken Ladder - Jeremy Black,[0.04540678 0.07513984 0.07414005 ... 0.29249626 0.3270546  0.23210317],85,82,82
BSC State of Mind - Squadda B,"[-0.00079185 -0.00011879  0.00020047 ... -0.00381961 -0.00129564
  0.00051578]",86,86,86
BSC State of Mind - Squadda B,"[-0.00152623  0.0003533   0.00312803 ... -0.00066333 -0.00063686
 -0.00054122]",87,86,86
Built to Last (Instrumental) - NEFFEX,"[ 0.          0.          0.         ... -0.04109675 -0.02986533
 -0.01678809]",88,88,88
Built to Last (Instrumental) - NEFFEX,"[-0.01743834 -0.01941649 -0.02005922 ... -0.09340505 -0.08063991
 -0.07088327]",89,88,88
Burbank Late Nights - Squadda B,"[ 0.00200139  0.00181041  0.00135232 ... -0.03574901 -0.01229973
 -0.00130037]",90,90,90
Burbank Late Nights - Squadda B,"[ 0.05844398  0.07257253  0.07627726 ... -0.03223825 -0.00737013
  0.00203731]",91,90,90
Busy City - TrackTribe,"[-0.02038874 -0.0229548  -0.02372148 ... -0.01799834 -0.02395702
 -0.02578708]",92,92,92
Busy City - TrackTribe,"[-0.00725    -0.0031853   0.01296058 ...  0.01672102  0.00195343
  0.00595306]",93,92,92
By the Fireplace - TrackTribe,"[-0.00069078 -0.00102949 -0.00081029 ...  0.00042183 -0.00085031
 -0.00197463]",94,94,94
By the Fireplace - TrackTribe,"[-0.00787386 -0.00972801 -0.00948632 ...  0.01316079  0.01513254
  0.01487967]",95,94,94
By the Fireplace - TrackTribe,"[ 0.01798716  0.02251787  0.02376347 ... -0.00268684 -0.00249259
 -0.00089762]",96,94,94
By the Fireplace - TrackTribe,"[-1.1311589e-04  5.5425632e-04  6.0342045e-05 ...  4.0082601e-03
  2.1590465e-03  2.0460036e-04]",97,94,94
Campfire - Telecasted,"[-2.8794835e-05 -2.8499942e-05 -2.8124605e-05 ... -3.9200459e-02
 -4.5464400e-02 -4.7460347e-02]",98,98,98
Cattle - Telecasted,"[ 5.4622313e-05  4.8229984e-05  4.5732813e-05 ... -4.7315750e-02
 -6.4578243e-02 -5.8961719e-02]",99,99,99
"Chasing the Dragons - Joel Cummins, Kris Myers, Andy Farag","[ 2.83315840e-05 -1.43137959e-05 -2.98671821e-05 ... -7.42470622e-02
 -9.42025706e-02 -1.03547476e-01]",100,100,100
Chocolate Cookie Jam - An Jone,"[ 8.0213806e-07 -1.1990167e-07  1.2959167e-06 ... -4.8571639e-02
 -5.9953421e-02 -7.0461638e-02]",101,101,101
Chocolate Cookie Jam - An Jone,"[-0.0563179  -0.08156288 -0.09570336 ...  0.02032102  0.02035188
  0.00993668]",102,101,101
Chocolate Cookie Jam - An Jone,"[ 0.01701899  0.02474662  0.02986402 ... -0.18673481 -0.1895155
 -0.1357522 ]",103,101,101
Clean and Dance - An Jone,"[ 7.0915041e-07 -1.1265566e-06  1.4051086e-06 ... -4.4157301e-04
 -5.4683385e-04 -5.6619442e-04]",104,104,104
Clean and Dance - An Jone,[0.15400541 0.13518095 0.09574901 ... 0.09402462 0.10502274 0.08517709],105,104,104
Clean and Dance - An Jone,"[ 0.09783192  0.10065487  0.10127866 ... -0.11184859 -0.11526266
 -0.10676274]",106,104,104
Commander Impulse - DivKid,"[ 0.01401568  0.00432639 -0.01136378 ... -0.1384274  -0.15104537
 -0.12783584]",107,107,107
Commander Impulse - DivKid,"[-0.0702859  -0.07482523 -0.06780136 ...  0.00089167  0.0110157
  0.01538823]",108,107,107
Commander Impulse - DivKid,"[-0.04099212 -0.0462865  -0.04957898 ... -0.00021053 -0.000191
 -0.00025239]",109,107,107
Cosmic Drift - DivKid,[0.13554105 0.13893509 0.13985775 ... 0.06232253 0.10018675 0.11970538],110,110,110
Cosmic Drift - DivKid,"[ 0.00056704 -0.02459853 -0.01033709 ...  0.04164085  0.03907729
  0.03639689]",111,110,110
County Lines - Telecasted,"[-7.1797003e-05 -7.2396091e-05 -6.0908642e-05 ... -1.6523559e-01
 -1.6116397e-01 -1.3667722e-01]",112,112,112
County Lines - Telecasted,"[-0.06620006 -0.06144788 -0.02872368 ...  0.05721163  0.06807042
  0.06882708]",113,112,112
Crops - Telecasted,"[-5.6986297e-05 -5.8788974e-05 -5.8031655e-05 ... -2.9729089e-02
 -3.4907471e-02 -2.8748700e-02]",114,114,114
Crops - Telecasted,"[-0.10800216 -0.10623174 -0.0952981  ...  0.24419203  0.18364482
  0.11587953]",115,114,114
Cumbia City - An Jone,"[ 1.0514476e-05 -1.0047316e-06 -9.7169659e-06 ...  6.6802040e-02
  6.5253951e-02  4.6432853e-02]",116,116,116
Dead Forest - Brian Bolger,"[ 0.04202894  0.0501801   0.05416669 ... -0.09646953 -0.100409
 -0.09123636]",117,117,117
Dead Forest - Brian Bolger,"[-0.0786577  -0.08717874 -0.0917495  ...  0.02036366  0.02286156
  0.02463918]",118,117,117
Depth Fuse - French Fuse,[0.         0.         0.         ... 0.059868   0.06359527 0.04956679],119,119,119
Der König - Jeremy Black,"[-0.00429424 -0.00466261 -0.00185428 ...  0.00038589  0.00143702
  0.00144547]",120,120,120
Der König - Jeremy Black,"[ 0.00766279  0.01004279  0.01486384 ... -0.14989658 -0.12769067
 -0.0796281 ]",121,120,120
Der König - Jeremy Black,"[-0.04024091 -0.04077069 -0.04842957 ...  0.00016044  0.00021249
  0.00030166]",122,120,120
Digifunk - DivKid,[0.00560431 0.00555526 0.00513534 ... 0.06791772 0.07257817 0.06364168],123,123,123
Digifunk - DivKid,[0.0428348  0.0584626  0.06269681 ... 0.06775095 0.07056647 0.05679461],124,123,123
Digifunk - DivKid,[0.04241688 0.03991665 0.05097812 ... 0.03054332 0.02910221 0.02884061],125,123,123
Digital Ghosts - Unicorn Heads,"[-0.06351357 -0.0623543  -0.06112658 ... -0.02037021 -0.02541769
 -0.02859343]",126,126,126
Digital Ghosts - Unicorn Heads,"[ 0.13664436  0.13760747  0.13793902 ... -0.02541164 -0.02596511
 -0.0242193 ]",127,126,126
Digital Ghosts - Unicorn Heads,"[-0.02740332 -0.02924294 -0.02992    ...  0.00877407  0.01512385
  0.01640699]",128,126,126
Digital Ghosts - Unicorn Heads,"[ 0.0283253   0.03584981  0.03739281 ... -0.06585202 -0.05688281
 -0.0457297 ]",129,126,126
Digital Ghosts - Unicorn Heads,"[-0.01503775 -0.01581834 -0.01402327 ...  0.091626    0.0871198
  0.06646319]",130,126,126
Digital Ghosts - Unicorn Heads,"[ 0.10410172  0.1237293   0.1268443  ... -0.26722848 -0.24987407
 -0.22562987]",131,126,126
Digital Ghosts - Unicorn Heads,"[-0.10703693 -0.12314107 -0.13337079 ... -0.04188762 -0.03573088
 -0.02778361]",132,126,126
Disco Climax - An Jone,"[-0.00099497 -0.0007561  -0.00032459 ... -0.00397155 -0.00750872
 -0.00670736]",133,133,133
Disco Climax - An Jone,"[-0.0212646  -0.02883435 -0.02749948 ...  0.01555449  0.01773546
  0.01707979]",134,133,133
Disco Climax - An Jone,[0.06999747 0.08164526 0.08613494 ... 0.11564988 0.11443816 0.09489097],135,133,133
Don't Wanna Let Myself Down (Instrumental) - NEFFEX,"[-1.0786271e-05  2.1413011e-07  1.2819087e-05 ... -9.1265673e-03
  1.2547609e-02  2.2691330e-02]",136,136,136
Don't Wanna Let Myself Down (Instrumental) - NEFFEX,"[-0.00898947  0.01275579  0.07578874 ...  0.18405908  0.19173075
  0.16887501]",137,136,136
Don't Wanna Let Myself Down - NEFFEX,"[ 0.00149582  0.00060557 -0.00032407 ... -0.20458321 -0.22818573
 -0.22140726]",138,138,138
Don't Wanna Let Myself Down - NEFFEX,"[-0.14230064 -0.19562277 -0.1334448  ...  0.03573195  0.03471317
  0.03008991]",139,138,138
Down With Your Getup - Mini Vandals,"[-8.9248679e-05 -3.0671639e-04 -9.0603367e-05 ...  7.8627532e-03
  3.6406573e-03 -2.1914593e-03]",140,140,140
Down With Your Getup - Mini Vandals,"[ 0.2086314   0.22064568  0.23245612 ... -0.05157883 -0.083735
 -0.08352931]",141,140,140
Dragón Rojo - Mini Vandals,"[-0.00762772 -0.00712542 -0.00651083 ... -0.01192108 -0.01542667
 -0.01781156]",142,142,142
Dragón Rojo - The Mini Vandals,"[-0.00762772 -0.00712542 -0.00651083 ... -0.01192108 -0.01542667
 -0.01781156]",143,143,143
Dreaming On (Instrumental) - NEFFEX,"[8.2830602e-06 7.4566756e-06 4.7979274e-06 ... 3.5502050e-02 3.8612414e-02
 3.3491161e-02]",144,144,144
Dreaming On (Instrumental) - NEFFEX,"[ 0.07086248  0.10188021  0.11461569 ... -0.2249043  -0.23810655
 -0.22145836]",145,144,144
Dreaming On - NEFFEX,"[ 0.00390566  0.00471921  0.00499384 ... -0.07768654 -0.07880791
 -0.06889747]",146,146,146
Dreaming On - NEFFEX,"[-0.11264308 -0.13161318 -0.04586993 ...  0.10942157  0.13293521
  0.12435417]",147,146,146
Drifting at 432 Hz - Unicorn Heads,"[-0.00010452 -0.00011789 -0.00010338 ... -0.04283589 -0.04116061
 -0.03911267]",148,148,148
Drifting at 432 Hz - Unicorn Heads,"[-0.04452549 -0.04600794 -0.04726841 ... -0.0693167  -0.06444719
 -0.05927685]",149,148,148
Drifting at 432 Hz - Unicorn Heads,"[ 0.0123289   0.00387025 -0.01142769 ... -0.07461192 -0.06231133
 -0.04211759]",150,148,148
Drifting at 432 Hz - Unicorn Heads,"[-0.00390934  0.00713366  0.02423736 ... -0.07103544 -0.07486543
 -0.0681406 ]",151,148,148
Drifting at 432 Hz - Unicorn Heads,"[-0.06444666 -0.07928678 -0.08754635 ... -0.00981086 -0.00822407
 -0.00637923]",152,148,148
Drifting at 432 Hz - Unicorn Heads,"[-0.00708997 -0.00683339 -0.00572001 ... -0.06819687 -0.06062958
 -0.04638581]",153,148,148
Drifting at 432 Hz - Unicorn Heads,"[-0.03992645 -0.04201076 -0.04073383 ...  0.08958995  0.08454295
  0.07185999]",154,148,148
Drifting at 432 Hz - Unicorn Heads,[0.03372061 0.04252125 0.04844762 ... 0.00312073 0.01468727 0.02089636],155,148,148
Drifting at 432 Hz - Unicorn Heads,"[-0.00116449  0.0077587   0.01336201 ...  0.05401484  0.05512893
  0.04430773]",156,148,148
Drifting at 432 Hz - Unicorn Heads,"[ 0.01592049  0.02397191  0.02490241 ... -0.03410804 -0.01923496
 -0.00584402]",157,148,148
Drifting at 432 Hz - Unicorn Heads,"[-0.00066762  0.00673269  0.01278254 ...  0.03487657  0.03270358
  0.02654145]",158,148,148
Drifting at 432 Hz - Unicorn Heads,[0.01242273 0.01699081 0.01925821 ... 0.03767535 0.03317166 0.02764562],159,148,148
Drifting at 432 Hz - Unicorn Heads,"[-0.03187888 -0.03659322 -0.04105582 ...  0.03823676  0.03870072
  0.0353491 ]",160,148,148
Drifting at 432 Hz - Unicorn Heads,[0.00907127 0.007248   0.00373076 ... 0.05209878 0.04189859 0.03131484],161,148,148
Drifting at 432 Hz - Unicorn Heads,[0.0277122  0.03006185 0.03158664 ... 0.04700059 0.04465789 0.04165649],162,148,148
Drifting at 432 Hz - Unicorn Heads,[0.01844198 0.02275861 0.02657496 ... 0.         0.         0.        ],163,148,148
Drifting at 432 Hz - Unicorn Heads,"[ 0.05079535  0.06047145  0.06823933 ... -0.01104409 -0.00522072
  0.00169269]",164,148,148
Drifting at 432 Hz - Unicorn Heads,"[ 0.00822647  0.01260834  0.01832903 ... -0.0269323  -0.02525381
 -0.02193807]",165,148,148
Drifting at 432 Hz - Unicorn Heads,"[-0.00814397 -0.00304876  0.00337896 ... -0.10769668 -0.10222542
 -0.09506468]",166,148,148
Drifting at 432 Hz - Unicorn Heads,"[-0.05730522 -0.05337021 -0.0482734  ... -0.02602037 -0.02394944
 -0.02126873]",167,148,148
Drifting at 432 Hz - Unicorn Heads,"[-0.01537773 -0.0174759  -0.01918825 ... -0.07225037 -0.06984247
 -0.06537405]",168,148,148
Drifting at 432 Hz - Unicorn Heads,"[-0.02473017 -0.03260133 -0.0388651  ... -0.05126345 -0.05802319
 -0.06068056]",169,148,148
Drifting at 432 Hz - Unicorn Heads,"[-0.01046927 -0.01825653 -0.02273616 ...  0.06747415  0.05139514
  0.03253003]",170,148,148
Duh Fuse - French Fuse,"[ 2.1071851e-18 -1.6098423e-10 -3.3088771e-10 ... -1.5845819e-01
 -1.7820859e-01 -1.6276950e-01]",171,171,171
Dulce Reggaeton - An Jone,"[-1.0778908e-05  9.6358153e-06  9.0822277e-07 ...  4.2842582e-01
  4.1556433e-01  3.8163462e-01]",172,172,172
Dulce Reggaeton - An Jone,[0.05637168 0.06769483 0.06410361 ... 0.48645177 0.47217417 0.4414348 ],173,172,172
Dulce Reggaeton - An Jone,[0.2374998  0.25348812 0.2666362  ... 0.42388648 0.42025363 0.39847398],174,172,172
Dusty Rhymes - Freedom Trail Studio,"[-1.1652843e-05 -4.0905568e-05  6.1326231e-05 ... -1.0870442e-01
 -9.8683678e-02 -7.7693984e-02]",175,175,175
Dusty Rhymes - Freedom Trail Studio,"[-0.0594624  -0.06372995 -0.02832786 ...  0.5100218   0.6123949
  0.51444817]",176,175,175
Early Avril - Unicorn Heads,"[ 0.          0.          0.         ... -0.00214902  0.00018258
  0.00020889]",177,177,177
Early Avril - Unicorn Heads,"[ 0.00676756  0.0129109   0.01483499 ... -0.02890334 -0.03177356
 -0.02618568]",178,177,177
Early Avril - Unicorn Heads,"[-0.01574623 -0.01989113 -0.02099883 ... -0.02782032 -0.02656385
 -0.02102284]",179,177,177
Early Avril - Unicorn Heads,"[-0.01501459 -0.01684538 -0.01441177 ... -0.01491148 -0.00888821
 -0.00325714]",180,177,177
Early Avril - Unicorn Heads,"[-0.00449137  0.00172438  0.00892486 ... -0.04284097 -0.04383855
 -0.03856638]",181,177,177
Early Avril - Unicorn Heads,"[-0.05095123 -0.06836477 -0.08291098 ... -0.00251558 -0.01165351
 -0.02331588]",182,177,177
Early Avril - Unicorn Heads,"[ 0.05196818  0.05540368  0.05397938 ... -0.0892009  -0.07755402
 -0.06349047]",183,177,177
Early Avril - Unicorn Heads,"[-0.00963206 -0.01011916 -0.00788271 ... -0.05447708 -0.05186777
 -0.04655032]",184,177,177
Early Oceans - Freedom Trail Studio,"[ 1.25965573e-06 -3.92558431e-05  5.06100805e-05 ...  1.72216743e-01
  1.56858400e-01  1.22428924e-01]",185,185,185
Early Oceans - Freedom Trail Studio,"[ 0.00163854 -0.00589985 -0.01647752 ... -0.02214584 -0.03849681
 -0.03849338]",186,185,185
Earth Appears - Brian Bolger,[0.         0.         0.         ... 0.07097632 0.07845136 0.08071415],187,187,187
Earth Appears - Brian Bolger,"[-0.00111203  0.00935618  0.01507921 ... -0.18289578 -0.16588314
 -0.13279058]",188,187,187
El Secreto - Yung Logos,"[-9.3792705e-06 -5.0120033e-08 -7.4762356e-06 ... -1.7476578e-01
 -1.7452213e-01 -1.6753890e-01]",189,189,189
El Secreto - Yung Logos,"[-0.20368691 -0.23813096 -0.2730178  ...  0.2445073   0.2697633
  0.2239693 ]",190,189,189
El Secreto - Yung Logos,"[ 0.20952232  0.21533754  0.20702899 ... -0.46833813 -0.42367622
 -0.3743007 ]",191,189,189
Enough - NEFFEX,"[1.0552058e-05 6.8665060e-05 8.5317457e-05 ... 4.2807620e-02 3.2414671e-02
 1.2678074e-02]",192,192,192
Enough - NEFFEX,"[ 0.03339011  0.02185086 -0.02623543 ...  0.22877477  0.26922023
  0.25981042]",193,192,192
Erev Shel Shoshanim - E's Jammy Jams,"[ 0.          0.          0.         ... -0.00958278 -0.03904771
 -0.05395364]",194,194,194
Erev Shel Shoshanim - E's Jammy Jams,"[-0.05805404 -0.08020055 -0.09074016 ... -0.03468981 -0.03158671
 -0.02589624]",195,194,194
Erev Shel Shoshanim - E's Jammy Jams,"[-0.0729381  -0.08227445 -0.08792704 ...  0.06239731  0.05601015
  0.04547582]",196,194,194
Escapism - Yung Logos,"[ 0.00204981  0.00218716  0.00215725 ... -0.00960136  0.00147418
  0.00572094]",197,197,197
Escapism - Yung Logos,"[ 0.00365288  0.01472173  0.01893999 ... -0.32200825 -0.35765457
 -0.3201969 ]",198,197,197
Escapism - Yung Logos,"[-0.23416892 -0.31161422 -0.34264466 ... -0.03099755 -0.03786422
 -0.03408595]",199,197,197
Escapism - Yung Logos,"[-0.02462955 -0.03257363 -0.02908133 ... -0.18568635 -0.20410386
 -0.1815976 ]",200,197,197
Everything Has a Beginning - Joel Cummins,"[-1.0012003e-05  2.0586087e-06  1.1002339e-05 ...  1.4692647e-03
  1.2222283e-02  1.7473590e-02]",201,201,201
Fat Man - Yung Logos,[0.00309847 0.0031548  0.0032759  ... 0.05897703 0.04094305 0.03640195],202,202,202
Fingerprint - Mini Vandals,[0.00265179 0.00337438 0.00231575 ... 0.08868946 0.06913135 0.05721135],203,203,203
Fingerprint - Mini Vandals,"[ 0.05931793  0.0612028   0.06383847 ... -0.15059426 -0.16700907
 -0.15775372]",204,203,203
First Dream - Brian Bolger,"[-3.1457277e-04 -4.0652888e-04 -3.8460962e-04 ... -2.4657487e-03
  1.2850724e-03  7.6495235e-05]",205,205,205
First Dream - Brian Bolger,[0.08443855 0.10002619 0.11153204 ... 0.04623255 0.04889964 0.04698498],206,205,205
First Of 3 - Jeremy Black,"[ 0.          0.          0.         ... -0.04499691 -0.04156597
 -0.03787899]",207,207,207
First Of 3 - Jeremy Black,"[-0.10580651 -0.11062201 -0.1044608  ...  0.1435116   0.15859762
  0.14188956]",208,207,207
First Of 3 - Jeremy Black,"[ 0.10230285  0.11598079  0.11397224 ... -0.04780107 -0.07091299
 -0.07674035]",209,207,207
Floating Home - Brian Bolger,"[ 0.          0.          0.         ... -0.0895537  -0.09261864
 -0.08757647]",210,210,210
Floating Home - Brian Bolger,[0.01458234 0.01600344 0.02571347 ... 0.04699393 0.03103104 0.01845121],211,210,210
Foyf (Instrumental) - NEFFEX,"[-0.00035062 -0.00032554 -0.00033903 ... -0.22699352 -0.22857402
 -0.22252634]",212,212,212
Foyf (Instrumental) - NEFFEX,"[-0.12186958 -0.04668994 -0.00670934 ...  0.01968854  0.03399221
  0.04342957]",213,212,212
Foyf - NEFFEX,"[-0.01255902 -0.01061859 -0.00882228 ... -0.3469062  -0.33547527
 -0.29027188]",214,214,214
Foyf - NEFFEX,"[-0.11288502 -0.16047408 -0.16882129 ... -0.02131256 -0.11722811
 -0.14262006]",215,214,214
Fractal of Light - Chris Haugen,"[4.8557642e-05 4.7517115e-05 3.4020220e-05 ... 9.0978749e-02 1.0413871e-01
 9.4940238e-02]",216,216,216
Fractal of Light - Chris Haugen,"[ 0.10313461  0.12843621  0.14119652 ... -0.14970985 -0.13886532
 -0.12063292]",217,216,216
Fractal of Light - Chris Haugen,"[-0.11201853 -0.12774864 -0.13098206 ... -0.04068931 -0.03866206
 -0.0344034 ]",218,216,216
Frailach 1 - E's Jammy Jams,"[ 1.4172432e-05  1.9678861e-05  2.5550329e-05 ... -2.0470493e-01
 -2.4831881e-01 -2.3663202e-01]",219,219,219
Frailach 1 - E's Jammy Jams,"[-0.11657234 -0.14578937 -0.14391664 ... -0.03241814 -0.01195186
 -0.00863682]",220,219,219
Frailach 1 - E's Jammy Jams,"[-0.02928212 -0.04254509 -0.05005535 ...  0.02473693  0.0263532
  0.04509409]",221,219,219
Frailach 1 - E's Jammy Jams,"[-0.0803826  -0.09921493 -0.08853498 ... -0.0879937  -0.08632305
 -0.07955163]",222,219,219
Frailach 2 - E's Jammy Jams,"[ 1.0434625e-07 -4.5583896e-08  1.3470391e-07 ... -2.9197469e-02
 -3.3777256e-02 -2.8763117e-02]",223,223,223
Frailach 2 - E's Jammy Jams,"[-0.03016284 -0.03659006 -0.03422464 ... -0.06581594 -0.11310557
 -0.12454046]",224,223,223
Frailach 2 - E's Jammy Jams,"[-0.15493712 -0.20005697 -0.21565962 ...  0.14745243  0.15981017
  0.13617562]",225,223,223
Free Me (Instrumental) - NEFFEX,"[-3.9297388e-10 -8.9962052e-11  5.4340993e-10 ...  5.3807342e-01
  5.0724596e-01  4.6951613e-01]",226,226,226
Free Me (Instrumental) - NEFFEX,[0.5187719 0.6660443 0.5884452 ... 0.        0.        0.       ],227,226,226
Free Me - NEFFEX,"[ 1.6221686e-04 -4.2151507e-05 -1.2308244e-04 ...  1.8411700e-01
  2.1378642e-01  1.9615458e-01]",228,228,228
Free Me - NEFFEX,[0.08433571 0.08583485 0.09715556 ... 0.00584757 0.02472691 0.01952106],229,228,228
Future Glider - Brian Bolger,"[-2.2548604e-05  1.7069671e-05 -5.8564099e-05 ... -3.8927864e-02
 -4.4110294e-02 -3.5688639e-02]",230,230,230
Future Glider - Brian Bolger,"[-0.02908123 -0.03686686 -0.03261117 ...  0.15941647  0.14832336
  0.11871869]",231,230,230
Get Through - NEFFEX,"[-0.01249389 -0.00913516 -0.00663577 ...  0.00392908 -0.00267972
 -0.00908663]",232,232,232
Get Through - NEFFEX,"[ 0.04157199  0.02646039 -0.05637535 ... -0.06636596 -0.12531678
 -0.09882135]",233,232,232
Get Through - NEFFEX,"[-0.09039811 -0.10885329 -0.12085741 ... -0.17272396 -0.17696314
 -0.1412179 ]",234,232,232
Go Down Swinging (Instrumental) - NEFFEX,"[-6.3117222e-05 -7.0904614e-05 -6.4519176e-05 ...  7.1400322e-02
  7.4304581e-02  6.7328952e-02]",235,235,235
Go Down Swinging (Instrumental) - NEFFEX,[0.06190453 0.06806624 0.07262308 ... 0.0480474  0.05065068 0.04186518],236,235,235
Go Down Swinging - NEFFEX,[0.00407357 0.00429642 0.00448502 ... 0.03005333 0.06012556 0.05190549],237,237,237
Go Down Swinging - NEFFEX,"[ 0.09357072  0.10969175  0.10135515 ... -0.23110467 -0.23654775
 -0.18765193]",238,237,237
Go! - NEFFEX,"[-0.00121974 -0.00159571 -0.00195042 ...  0.04728212  0.07646481
  0.06380033]",239,239,239
Go! - NEFFEX,"[ 0.00168966 -0.00563152 -0.00538655 ... -0.37660128 -0.4330161
 -0.35198912]",240,239,239
Good Day (Wake Up) - NEFFEX,[0.00948951 0.0097727  0.00994507 ... 0.10562358 0.02714025 0.01313567],241,241,241
Good Day (Wake Up) - NEFFEX,"[ 0.09210537  0.06176554  0.04452486 ...  0.04011629  0.00483952
 -0.01099084]",242,241,241
Good Days - Yung Logos,"[ 0.03376402  0.04731536  0.04918842 ... -0.06380062 -0.0594849
 -0.04344032]",243,243,243
Good Days - Yung Logos,"[-0.04456744 -0.05670062 -0.06233345 ...  0.00914401  0.00530832
  0.00081103]",244,243,243
Good Gig In the Clouds - Joel Cummins,"[-2.4136441e-05 -3.1187381e-05 -1.1750492e-05 ... -7.6430995e-04
  3.3922207e-03  7.1825502e-03]",245,245,245
Good Gig In the Clouds - Joel Cummins,"[-0.00762707 -0.00241015  0.00249607 ...  0.00952271  0.01223147
  0.01590277]",246,245,245
Gunpowder Tea - Mini Vandals,[0.00220187 0.00255084 0.00180414 ... 0.24051028 0.2893569  0.26085827],247,247,247
Hannon - Jeremy Black,"[ 0.00268671  0.00267297  0.00264921 ... -0.22071342 -0.24847533
 -0.2137101 ]",248,248,248
Hannon - Jeremy Black,"[-0.1302909  -0.15121502 -0.1561672  ... -0.04813265 -0.03236809
 -0.01443711]",249,248,248
Hannon - Jeremy Black,"[-0.01847708 -0.00555844  0.00719773 ...  0.1825012   0.17661086
  0.15366526]",250,248,248
Hava Nagila - E's Jammy Jams,"[-1.6238980e-08 -2.0235538e-08 -1.6940117e-08 ... -6.3888994e-03
  1.5126592e-02  3.3411451e-02]",251,251,251
Hava Nagila - E's Jammy Jams,[0.07705753 0.08695803 0.07060308 ... 0.19131647 0.20669295 0.18182331],252,251,251
Hava Nagila - E's Jammy Jams,[0.08073668 0.08790032 0.06187953 ... 0.03345771 0.05643861 0.06680916],253,251,251
Hava Nagila - E's Jammy Jams,[0.09019496 0.12178759 0.12690558 ... 0.20592576 0.22275937 0.22080657],254,251,251
Heal You - Freedom Trail Studio,"[ 1.86357045e-06 -7.75512888e-07  1.00683055e-05 ...  2.24688500e-01
  2.01002553e-01  1.67298913e-01]",255,255,255
Heal You - Freedom Trail Studio,"[ 0.3073371   0.3506176   0.3456424  ... -0.01157183 -0.01175496
 -0.01106688]",256,255,255
Hine Ma Tov - E's Jammy Jams,"[ 4.9718187e-07  4.7556387e-07  5.4037457e-07 ... -5.9964996e-02
 -8.5403107e-02 -9.3270473e-02]",257,257,257
Hine Ma Tov - E's Jammy Jams,"[-0.06932522 -0.08589071 -0.09075285 ... -0.07430498 -0.08466595
 -0.07884043]",258,257,257
Hine Ma Tov - E's Jammy Jams,"[-0.04250479 -0.04805322 -0.0413675  ... -0.09520963 -0.10132529
 -0.09258897]",259,257,257
Hine Ma Tov - E's Jammy Jams,"[-0.05570666 -0.0559432  -0.04914431 ... -0.04726252 -0.04964314
 -0.044036  ]",260,257,257
Hine Ma Tov - E's Jammy Jams,"[-0.03409801 -0.03616963 -0.03190625 ... -0.4044521  -0.40330806
 -0.36041772]",261,257,257
Housin - Yung Logos,"[-0.00361973 -0.0018647  -0.00632536 ... -0.05165274 -0.06529303
 -0.05214657]",262,262,262
Housin - Yung Logos,"[-0.00505515 -0.00613341 -0.00748604 ... -0.05536078 -0.04558147
 -0.03492793]",263,262,262
How's It Supposed to Feel (Clean) - NEFFEX,"[-3.4220317e-05 -4.0484261e-04 -5.2621483e-04 ... -2.7421573e-01
 -2.5684413e-01 -2.1474595e-01]",264,264,264
How's It Supposed to Feel (Clean) - NEFFEX,"[-0.13328119 -0.16148518 -0.17238939 ...  0.07308775  0.10009601
  0.10092798]",265,264,264
How's It Supposed to Feel (Clean) - NEFFEX,[0.129255   0.14163232 0.09444461 ... 0.03237763 0.02972184 0.0268469 ],266,264,264
How's It Supposed to Feel (Instrumental) - NEFFEX,"[ 5.6198332e-05 -4.2517280e-04 -6.0097873e-04 ... -2.5349075e-01
 -2.2390613e-01 -1.8903300e-01]",267,267,267
How's It Supposed to Feel (Instrumental) - NEFFEX,"[-0.1263055  -0.14508508 -0.15328832 ...  0.15576993  0.19541565
  0.16832149]",268,267,267
How's It Supposed to Feel (Instrumental) - NEFFEX,[0.19839358 0.198758   0.16958529 ... 0.06008152 0.05777391 0.05529386],269,267,267
How's It Supposed to Feel - NEFFEX,[0.02933566 0.02025654 0.0114331  ... 0.03734904 0.03518774 0.03783439],270,270,270
How's It Supposed to Feel - NEFFEX,"[ 0.02486621  0.03515307  0.04292701 ... -0.08077613 -0.05374773
 -0.03908238]",271,270,270
How's It Supposed to Feel - NEFFEX,[0.07732512 0.07081059 0.04506627 ... 0.04703341 0.04293636 0.03865846],272,270,270
Hustlin' (Instrumental) - NEFFEX,"[ 6.4496285e-06  1.9891610e-05  3.4783523e-05 ... -5.0544059e-01
 -5.8188933e-01 -5.0390810e-01]",273,273,273
Hustlin' (Instrumental) - NEFFEX,"[-0.4312864  -0.4766504  -0.40463728 ... -0.05364241 -0.07419425
 -0.08649655]",274,273,273
Hustlin' - NEFFEX,"[-7.0968870e-04 -5.0126074e-04 -5.0152303e-04 ... -7.1785235e-01
 -7.8665715e-01 -6.2413472e-01]",275,275,275
Hustlin' - NEFFEX,"[-0.4353951  -0.44559923 -0.38358998 ...  0.08936112  0.08243508
  0.09583939]",276,275,275
I Just Wanna Be Great (Instrumental) - NEFFEX,"[-0.00051208 -0.00043627 -0.00053966 ... -0.19274212 -0.16931427
 -0.12855677]",277,277,277
I Just Wanna Be Great (Instrumental) - NEFFEX,"[-0.13014224 -0.1779687  -0.21075816 ...  0.01625903 -0.00356068
 -0.00815326]",278,277,277
I Just Wanna Be Great (Instrumental) - NEFFEX,"[-0.00200225  0.00889331  0.02829437 ...  0.00524875  0.00528747
  0.00412328]",279,277,277
I Just Wanna Be Great - NEFFEX,[0.16158196 0.16469814 0.16961615 ... 0.12333592 0.10955124 0.08783302],280,280,280
I Just Wanna Be Great - NEFFEX,"[ 0.06158958  0.0667242   0.04707684 ... -0.0925311  -0.09618562
 -0.10048901]",281,280,280
I Just Wanna Be Great - NEFFEX,[0.07032094 0.06599495 0.07253803 ... 0.00250993 0.00208866 0.00108687],282,280,280
Icelandic Arpeggios - DivKid,"[-0.0020782  -0.00204005 -0.00206573 ... -0.03227051 -0.03065113
 -0.02924079]",283,283,283
Icelandic Arpeggios - DivKid,"[ 0.01307392  0.0026681  -0.00849193 ... -0.00372397 -0.00494054
 -0.00748554]",284,283,283
Immortal - NEFFEX,"[-0.00992861 -0.00922772 -0.00863889 ...  0.05523479  0.07749198
  0.06479724]",285,285,285
Immortal - NEFFEX,[0.04912608 0.04920126 0.06929487 ... 0.07720956 0.10438937 0.08560302],286,285,285
Immortal - NEFFEX,"[-0.0268503  -0.03352259 -0.03848392 ...  0.11397294  0.14252707
  0.13570715]",287,285,285
In Five Straight Rows - Mini Vandals,"[-3.5487144e-06 -1.7474160e-06 -3.4843672e-06 ...  2.7235162e-01
  2.4453928e-01  1.8775231e-01]",288,288,288
In Five Straight Rows - Mini Vandals,"[ 0.1621758   0.18268879  0.17777658 ... -0.28098658 -0.26979592
 -0.21786694]",289,288,288
In Five Straight Rows - Mini Vandals,"[-0.40047464 -0.44538614 -0.4562233  ...  0.02387469  0.04588514
  0.04964565]",290,288,288
In Memory of Jean Talon - Mini Vandals,"[-3.9115790e-07 -2.4892398e-07 -4.6429867e-07 ... -7.4721859e-03
 -1.5020443e-02 -2.1185268e-02]",291,291,291
In Memory of Jean Talon - The Mini Vandals,"[-3.9115790e-07 -2.4892398e-07 -4.6429867e-07 ... -7.4721859e-03
 -1.5020443e-02 -2.1185268e-02]",292,292,292
India Fuse - French Fuse,"[ 0.          0.          0.         ... -0.07553977 -0.10486863
 -0.10435431]",293,293,293
Inspired (Clean) - NEFFEX,"[-7.8352957e-10  2.3247186e-09 -6.9063115e-09 ...  8.5059851e-02
  7.7371716e-02  6.6235527e-02]",294,294,294
Inspired (Instrumental) - NEFFEX,"[ 2.2278879e-08 -1.6055886e-08 -1.9180528e-09 ...  1.5118707e-02
  1.6551338e-02  1.6494730e-02]",295,295,295
Inspired - NEFFEX,"[ 0.00096282  0.00105464  0.00112358 ... -0.05010454 -0.07663024
 -0.07629307]",296,296,296
Intellect - Yung Logos,"[ 0.01720706  0.01768148  0.01815864 ... -0.07229427 -0.07623363
 -0.08080302]",297,297,297
Islabonita - An Jone,"[-1.5051101e-05  8.4056992e-06 -1.4331716e-05 ... -7.1479395e-02
 -8.1126153e-02 -7.3787488e-02]",298,298,298
Islabonita - An Jone,"[-0.05142362 -0.06314145 -0.06454848 ...  0.0267414   0.03520294
  0.01122795]",299,298,298
Island Dream - Chris Haugen,[0.         0.         0.         ... 0.09308114 0.08647087 0.07661632],300,300,300
Island Dream - Chris Haugen,[0.10604303 0.11592319 0.11187793 ... 0.1254932  0.11884762 0.10640914],301,300,300
It's Only Worth It If You Work For It (Clean) - NEFFEX,"[-3.3854918e-05 -3.4955065e-05 -3.1237272e-05 ... -9.9415168e-02
 -9.6479088e-02 -8.2709990e-02]",302,302,302
It's Only Worth It If You Work For It (Clean) - NEFFEX,"[-0.06711813 -0.08021332 -0.0772453  ... -0.28554258 -0.26627758
 -0.24492954]",303,302,302
It's Only Worth It If You Work For It (Clean) - NEFFEX,"[-0.28384617 -0.34919053 -0.3116952  ... -0.0514764  -0.04697964
 -0.03461187]",304,302,302
It's Only Worth It if You Work for It (Instrumental) - NEFFEX,"[-1.9404531e-05 -1.8911562e-05 -1.3704673e-05 ...  2.6587188e-01
  2.6770356e-01  2.3623256e-01]",305,305,305
It's Only Worth It if You Work for It (Instrumental) - NEFFEX,[0.24443111 0.30935323 0.28572962 ... 0.4240122  0.4080247  0.39012045],306,305,305
It's Only Worth It if You Work for It (Instrumental) - NEFFEX,[0.3392307  0.36140385 0.38095957 ... 0.0737202  0.07376035 0.06322445],307,305,305
IU (아이유) - The Red Shoes (분홍신),[0.         0.         0.         ... 0.15309174 0.23343465 0.26398703],308,308,308
IU (아이유) - The Red Shoes (분홍신),"[-0.05627768 -0.01236988  0.03132511 ...  0.41233024  0.4666735
  0.41334015]",309,308,308
IU (아이유) - The Red Shoes (분홍신),[0.30289936 0.39093372 0.34179208 ... 0.22590514 0.2326586  0.1813263 ],310,308,308
IU (아이유) - The Red Shoes (분홍신),[0.06819666 0.08546332 0.03243792 ... 0.01028181 0.05834785 0.08989223],311,308,308
Just Breathing - NEFFEX,"[-0.00011637 -0.00039639 -0.00053241 ...  0.03149264  0.03038751
  0.0204208 ]",312,312,312
Just Breathing - NEFFEX,"[ 0.07410339  0.086422    0.09176664 ... -0.02537296 -0.04481234
 -0.04923047]",313,312,312
Just Breathing - NEFFEX,"[-0.03986477 -0.0473741  -0.06445508 ... -0.05751587 -0.07648358
 -0.08606073]",314,312,312
Kind of a Party - Mini Vandals,"[-0.00049715 -0.00077607 -0.00045991 ... -0.04639195 -0.05725298
 -0.07200695]",315,315,315
Kind of a Party - Mini Vandals,"[ 0.04395594  0.03303164  0.00786234 ... -0.09753526 -0.09230267
 -0.075677  ]",316,315,315
Lobe - Mini Vandals,"[-2.0707348e-06 -1.0293491e-06 -1.8640538e-06 ...  2.8490644e-02
  2.8160578e-02  2.3576899e-02]",317,317,317
Lobe - The Mini Vandals,"[-2.0707348e-06 -1.0293491e-06 -1.8640538e-06 ...  2.8490644e-02
  2.8160578e-02  2.3576899e-02]",318,318,318
Looping Ascent - Joel Cummins,"[ 1.9001851e-05  8.8720890e-06 -7.2492485e-06 ... -2.1054888e-01
 -2.0022236e-01 -1.8749322e-01]",319,319,319
Looping Ascent - Joel Cummins,"[-0.10733359 -0.11722507 -0.12556374 ...  0.0273938   0.02885015
  0.02851438]",320,319,319
Los Bilibicos - E's Jammy Jams,"[ 1.7812612e-06 -6.2867575e-06 -9.9525676e-07 ...  3.5385959e-02
  3.0913696e-02  3.0798089e-02]",321,321,321
Los Bilibicos - E's Jammy Jams,"[-0.0081165  -0.01384998 -0.01642856 ... -0.01875489 -0.022006
 -0.01901844]",322,321,321
Los Bilibicos - E's Jammy Jams,"[-0.01765972 -0.01812421 -0.01685808 ...  0.09714018  0.10484488
  0.10025057]",323,321,321
Love the Messenger - Freedom Trail Studio,"[ 1.1429633e-05  2.2811311e-07 -8.5866250e-06 ...  1.1914843e-01
  1.5556042e-01  1.3896576e-01]",324,324,324
Love the Messenger - Freedom Trail Studio,"[ 0.11142901  0.14004149  0.15199623 ... -0.23044848 -0.25492793
 -0.22055486]",325,324,324
Manifest It (Instrumental) - NEFFEX,"[-1.7106544e-05 -1.4968941e-05  6.0995740e-06 ...  2.3868676e-01
  2.5278646e-01  2.0076290e-01]",326,326,326
Manifest It (Instrumental) - NEFFEX,[0.21843989 0.25792328 0.21339718 ... 0.1101623  0.11201361 0.10284331],327,326,326
Manifest It (Instrumental) - NEFFEX,[0.06556869 0.08532011 0.09937516 ... 0.49700713 0.4707642  0.4336626 ],328,326,326
Manifest It - NEFFEX,"[-0.01097074 -0.0079422  -0.00471089 ... -0.25169328 -0.28170153
 -0.24447066]",329,329,329
Manifest It - NEFFEX,"[-0.09048751 -0.14180557 -0.14463964 ... -0.00584621  0.01230052
  0.01375784]",330,329,329
Manifest It - NEFFEX,[0.00847479 0.00195688 0.01218395 ... 0.25486097 0.23403162 0.20225716],331,329,329
Metaheuristic - Freedom Trail Studio,"[ 1.74370798e-05 -8.94616733e-06  1.07546285e-07 ...  7.62824854e-03
  1.21350298e-02  1.33027006e-02]",332,332,332
Metaheuristic - Freedom Trail Studio,[0.00020659 0.00246946 0.0063176  ... 0.12407623 0.16975361 0.15603676],333,332,332
Metro - Yung Logos,"[ 0.00635512  0.00650229  0.0066047  ... -0.06236631 -0.05982399
 -0.05675865]",334,334,334
Mi Dispiace - Mini Vandals,[0.         0.         0.         ... 0.06064117 0.05656602 0.05081559],335,335,335
Mi Dispiace - Mini Vandals,[0.02761344 0.0340904  0.03912407 ... 0.05015926 0.04705399 0.04316499],336,335,335
Mi Dispiace - The Mini Vandals,[0.         0.         0.         ... 0.06064117 0.05656602 0.05081559],337,337,337
Mi Dispiace - The Mini Vandals,[0.02761344 0.0340904  0.03912407 ... 0.05015926 0.04705399 0.04316499],338,337,337
Modern Attempt - TrackTribe,"[ 0.00834286  0.00854105  0.0083225  ... -0.04065279 -0.04096464
 -0.05906579]",339,339,339
Modern Attempt - TrackTribe,"[ 0.17447075  0.17361553  0.14401217 ... -0.00041086 -0.00344252
 -0.00201725]",340,339,339
Modern Time - An Jone,"[-8.7809622e-06  2.4675332e-06  9.3684503e-07 ... -5.4445834e-04
 -1.6623437e-03 -1.0758163e-03]",341,341,341
Modern Time - An Jone,"[ 0.00928278  0.011514    0.01193511 ... -0.05173893 -0.0548106
 -0.05551795]",342,341,341
Music Box - Brian Bolger,"[-6.0753582e-06 -7.2304036e-05 -4.1415329e-05 ...  9.5754303e-02
  9.8688677e-02  8.8049226e-02]",343,343,343
Music Box - Brian Bolger,"[ 0.06641037  0.06221954  0.054016   ... -0.12189987 -0.14094453
 -0.14189912]",344,343,343
Natural Light - Chris Haugen,[0.00036677 0.0003893  0.00049052 ... 0.00654793 0.02112921 0.02634157],345,345,345
Natural Light - Chris Haugen,"[ 0.04089885  0.04375304  0.04587339 ... -0.00371099 -0.00372564
 -0.00370491]",346,345,345
Natural Light - Chris Haugen,"[-0.02214135 -0.0293234  -0.04072473 ...  0.09457985  0.09189894
  0.08439645]",347,345,345
Natural Light - Chris Haugen,"[ 5.1456828e-02  5.8763631e-02  6.5489247e-02 ... -2.9642470e-05
 -2.8765424e-05 -2.9361860e-05]",348,345,345
Nekta - Here's Us (320  kbps) (savefrom.kr),"[ 0.          0.          0.         ... -0.00112049 -0.01022696
 -0.00685755]",349,349,349
Nekta - Here's Us (320  kbps) (savefrom.kr),"[-0.03531509 -0.03458397 -0.0313253  ... -0.00252244 -0.00266662
 -0.00235203]",350,349,349
Night Run Away - An Jone,"[-2.9859293e-05 -2.9624382e-05 -1.3916676e-05 ... -4.6588264e-02
 -5.8396216e-02 -5.3700309e-02]",351,351,351
Night Run Away - An Jone,"[-0.046539   -0.0539515  -0.04471571 ...  0.08586874  0.08312003
  0.06745066]",352,351,351
Nine Lives - Unicorn Heads,"[-8.9210737e-03 -7.8280177e-03 -7.1545905e-03 ... -8.3291571e-04
  1.3722194e-03 -7.0561218e-05]",353,353,353
Nine Lives - Unicorn Heads,"[ 0.00862731  0.01899738  0.02609752 ... -0.12004892 -0.11237139
 -0.09768659]",354,353,353
Nine Lives - Unicorn Heads,"[-0.01060473 -0.01621803 -0.01828231 ...  0.00602994 -0.00878806
 -0.02185573]",355,353,353
Nine Lives - Unicorn Heads,"[ 0.04033412  0.03483477  0.02999092 ... -0.03322868 -0.03084831
 -0.02658753]",356,353,353
Nine Lives - Unicorn Heads,"[-0.07444592 -0.07296225 -0.07088757 ...  0.04795901  0.04277164
  0.03581763]",357,353,353
Nineties Pad - Brian Bolger,"[ 7.1048703e-08 -7.2917004e-08  9.4418882e-09 ... -2.4480302e-02
 -4.5639899e-02 -5.4885745e-02]",358,358,358
No Doubt - Yung Logos,"[-0.03484446 -0.02994208 -0.02717534 ... -0.23000826 -0.22773306
 -0.22381873]",359,359,359
No Filter - NEFFEX,"[ 0.00726813  0.01076001  0.01007916 ... -0.15241334 -0.11627094
 -0.05713743]",360,360,360
No Filter - NEFFEX,"[-0.07293643 -0.05009038 -0.03702368 ...  0.05639879  0.05139025
 -0.00622872]",361,360,360
No Turning Back (Clean) - NEFFEX,"[-5.1355846e-06 -2.1613212e-06  1.0474142e-06 ... -2.8726039e-03
 -4.2425743e-03 -6.9240252e-03]",362,362,362
No Turning Back (Clean) - NEFFEX,"[-0.04564214 -0.04793214 -0.0596447  ...  0.0280108   0.07645933
  0.11104005]",363,362,362
No Turning Back (Instrumental) - NEFFEX (1),"[-4.4493090e-06 -1.2847365e-06  1.9942172e-06 ... -4.0841866e-02
 -4.3721199e-02 -3.9101332e-02]",364,364,364
No Turning Back (Instrumental) - NEFFEX (1),"[-0.05694281 -0.06140924 -0.06384202 ...  0.01102878  0.04988682
  0.08947302]",365,364,364
No Turning Back (Instrumental) - NEFFEX,"[-4.4493090e-06 -1.2847365e-06  1.9942172e-06 ... -4.0841866e-02
 -4.3721199e-02 -3.9101332e-02]",366,366,366
No Turning Back (Instrumental) - NEFFEX,"[-0.05694281 -0.06140924 -0.06384202 ...  0.01102878  0.04988682
  0.08947302]",367,366,366
No Turning Back - NEFFEX,"[-0.00129762 -0.00110559 -0.00090199 ...  0.00808572 -0.02970341
 -0.01560592]",368,368,368
No Turning Back - NEFFEX,"[-0.04117243 -0.12214305 -0.05221828 ... -0.06578817 -0.08033873
 -0.08790217]",369,368,368
North Oakland Extasy - Squadda B,"[-0.00126939 -0.00125315 -0.00122493 ...  0.02968805  0.02613123
  0.02104575]",370,370,370
North Oakland Extasy - Squadda B,"[-0.00664696 -0.0011168  -0.00188631 ...  0.21062104  0.265516
  0.23286676]",371,370,370
North Oakland Extasy - Squadda B,"[2.43719056e-01 2.81588912e-01 2.66433597e-01 ... 1.41519486e-04
 1.15386734e-04 1.38726566e-04]",372,370,370
O Boy - Jeremy Black,[0.         0.         0.         ... 0.06276798 0.05198978 0.03680985],373,373,373
O Boy - Jeremy Black,"[ 0.02400982  0.03537739  0.0391117  ...  0.14118156  0.05846482
 -0.01133973]",374,373,373
O Boy - Jeremy Black,"[-0.02706725 -0.04546797 -0.05612955 ...  0.01321736  0.01146003
  0.00799242]",375,373,373
O Boy - Jeremy Black,"[ 0.02305252  0.02258193  0.02208479 ...  0.0024036  -0.05939612
 -0.09806045]",376,373,373
Od Yishama - E's Jammy Jams,"[ 4.0124553e-09 -4.1600470e-09  4.0965480e-09 ...  1.9140825e-01
  2.0340522e-01  1.7692329e-01]",377,377,377
Od Yishama - E's Jammy Jams,"[ 0.11888155  0.15244672  0.13505746 ... -0.22404625 -0.2447343
 -0.21884291]",378,377,377
Od Yishama - E's Jammy Jams,"[-0.11786057 -0.13496421 -0.13042521 ...  0.2225967   0.23988703
  0.20660909]",379,377,377
Oman Groomer - Mini Vandals,"[ 4.4443156e-09 -6.4237412e-07 -3.1998877e-07 ... -5.3438405e-03
 -8.4156971e-03 -1.0802144e-02]",380,380,380
Oman Groomer - The Mini Vandals,"[ 4.4443156e-09 -6.4237412e-07 -3.1998877e-07 ... -5.3438405e-03
 -8.4156971e-03 -1.0802144e-02]",381,381,381
One Time - Jeremy Black,"[ 0.00399974  0.00376134 -0.00411413 ...  0.04478631  0.07501441
  0.08239406]",382,382,382
One Time - Jeremy Black,"[ 0.02199884  0.01487921  0.00897761 ... -0.19426401 -0.25127167
 -0.24426675]",383,382,382
One Time - Jeremy Black,"[-0.08426097 -0.10884628 -0.11197528 ... -0.08037063 -0.10950687
 -0.08701731]",384,382,382
One Time - Jeremy Black,"[-0.10248786 -0.12611486 -0.10612008 ...  0.05562699  0.06653348
  0.0131427 ]",385,382,382
One Time - Jeremy Black,"[-0.09503805 -0.09901039 -0.0728214  ... -0.7094883  -0.79514605
 -0.6610955 ]",386,382,382
OSA Dress Code - Squadda B,"[-0.00072759 -0.00028719  0.00026181 ... -0.01233716 -0.00256778
  0.01179967]",387,387,387
OSA Dress Code - Squadda B,[0.03653298 0.03996649 0.04405511 ... 0.07950166 0.08969856 0.07587631],388,387,387
OSA Dress Code - Squadda B,"[ 0.14284496  0.16328971  0.15070409 ... -0.00158207 -0.00262372
 -0.00279436]",389,387,387
Out On My Skateboard - Mini Vandals,"[-1.8927025e-07  1.3774057e-07 -3.2774556e-06 ...  1.9674258e-01
  1.9792031e-01  1.7560539e-01]",390,390,390
Out On My Skateboard - Mini Vandals,[0.09361713 0.09913882 0.0810367  ... 0.33794093 0.34055308 0.31544104],391,390,390
Out On My Skateboard - Mini Vandals,[0.25913593 0.31558686 0.30470154 ... 0.24532735 0.23860227 0.20635651],392,390,390
"Outside the Universe - Joel Cummins, Kris Myers, Andy Farag","[ 1.72029995e-05  1.21418416e-05  4.83639133e-06 ... -1.20222315e-01
 -1.56752631e-01 -1.50555566e-01]",393,393,393
"Outside the Universe - Joel Cummins, Kris Myers, Andy Farag","[-0.1237186  -0.14942461 -0.13941276 ... -0.26898938 -0.29479063
 -0.22857237]",394,393,393
Pinions - Freedom Trail Studio,"[-1.9974026e-05 -6.8042332e-06  1.6518010e-05 ...  6.6472955e-02
  6.7557372e-02  5.9396606e-02]",395,395,395
"Planetary Paths - Joel Cummins, Andy Farag","[-4.3901978e-06 -2.8217526e-05 -6.9496396e-06 ...  1.0320520e-01
  1.0299124e-01  8.8641271e-02]",396,396,396
"Planetary Paths - Joel Cummins, Andy Farag","[ 0.06131811  0.06407679  0.06178763 ... -0.04010098 -0.0390976
 -0.03530423]",397,396,396
Play Dead - NEFFEX,"[-2.1040869e-05  7.6377893e-07 -7.5680066e-07 ... -4.3284554e-02
 -4.0081747e-02 -2.2683127e-02]",398,398,398
Play Dead - NEFFEX,"[-0.06169863 -0.07945874 -0.05831979 ... -0.25120077 -0.26177073
 -0.23335817]",399,398,398
Play Dead - NEFFEX,"[-0.18521841 -0.209432   -0.21666458 ...  0.12520562  0.09398687
  0.06918738]",400,398,398
Polaroid Memories - DivKid,[0.00061592 0.00071462 0.00080421 ... 0.09462409 0.08880088 0.06990328],401,401,401
Polaroid Memories - DivKid,"[-0.0019471   0.00322307  0.02797924 ...  0.00872631  0.00950445
  0.0078441 ]",402,401,401
Polymetric Juggling - DivKid,"[-0.00164283 -0.00183422 -0.00206664 ...  0.0361101   0.03729534
  0.0375217 ]",403,403,403
Polymetric Juggling - DivKid,"[ 0.03357863  0.04469824  0.04512059 ... -0.03029045 -0.0264714
 -0.01894519]",404,403,403
Polymetric Juggling - DivKid,"[-0.01688092 -0.01451311 -0.01531358 ... -0.00823981 -0.00800583
 -0.00804404]",405,403,403
Ponderous Days - Joel Cummins,"[ 9.5057248e-06 -1.1624622e-05 -2.5636789e-06 ... -7.6742567e-02
 -5.5931222e-02 -2.9953815e-02]",406,406,406
Ponderous Days - Joel Cummins,"[-0.12344258 -0.13235001 -0.13869525 ... -0.02257231 -0.02170688
 -0.02077799]",407,406,406
Positive Fuse - French Fuse,"[-4.99361108e-10  3.27987526e-10 -6.50880391e-11 ... -1.88438952e-01
 -1.55588418e-01 -1.20616056e-01]",408,408,408
Positive Fuse - French Fuse,"[-0.06667365 -0.09927352 -0.1080436  ...  0.03584877  0.0373702
  0.02974107]",409,408,408
Press Fuse - French Fuse,"[ 0.          0.          0.         ... -0.01701955  0.03121158
  0.07196949]",410,410,410
Rain Fuse - French Fuse,"[ 3.2119605e-09 -3.6948727e-10  1.7950325e-10 ...  7.8543089e-03
  3.2185176e-03 -7.5854985e-03]",411,411,411
Resolve - Joel Cummins,"[ 9.3034805e-06 -2.6285330e-05 -2.7789032e-05 ...  2.3767964e-03
  1.1462672e-02  1.9985462e-02]",412,412,412
Resolve - Joel Cummins,[0.02528629 0.04557579 0.06603745 ... 0.04433391 0.04425366 0.04321025],413,412,412
Retribution - NEFFEX,"[ 3.0978961e-04  2.7245510e-04  2.1749451e-04 ... -3.1163663e-01
 -2.9870266e-01 -2.5259614e-01]",414,414,414
Retribution - NEFFEX,"[-0.18971637 -0.27174488 -0.29101828 ...  0.30228066  0.2847341
  0.22897851]",415,414,414
Rich in the 80s - DivKid,"[2.2667709e-04 6.3582855e-05 4.2374842e-04 ... 3.0932633e-02 2.8963113e-02
 2.7240966e-02]",416,416,416
Rich in the 80s - DivKid,"[-0.00014187  0.0173532   0.02246333 ... -0.01249552 -0.00441355
  0.00292823]",417,416,416
Rinse Repeat - DivKid,"[-0.00026466 -0.00059011 -0.00081782 ...  0.02680141  0.02564259
  0.01564389]",418,418,418
Rinse Repeat - DivKid,"[ 0.01722171  0.01189156 -0.01369697 ... -0.03007553 -0.03328383
 -0.03213438]",419,418,418
Robots and Aliens - Joel Cummins,"[-1.3391805e-05 -2.7915174e-05 -1.4113737e-05 ...  8.7522402e-02
  9.7551472e-02  8.4485628e-02]",420,420,420
Robots and Aliens - Joel Cummins,"[ 0.04603601  0.02693082 -0.00602396 ...  0.01298932  0.01398104
  0.01626837]",421,420,420
Rooster - Telecasted,"[-7.4936950e-05 -7.7578741e-05 -7.5121658e-05 ... -1.9954333e-01
 -2.0730276e-01 -1.8316902e-01]",422,422,422
Rooster - Telecasted,"[-0.12885529 -0.17570613 -0.13658175 ...  0.14945893  0.24135762
  0.26871076]",423,422,422
Running Errands - TrackTribe,"[ 2.9635959e-05  2.2090044e-06 -1.5235626e-06 ... -1.6106231e-02
 -2.0523943e-02 -1.8218482e-02]",424,424,424
Running Errands - TrackTribe,"[-0.02318619 -0.02663353 -0.02516172 ... -0.08162723 -0.0884429
 -0.0818061 ]",425,424,424
Running Errands - TrackTribe,"[-0.06361358 -0.07290681 -0.06583681 ...  0.05387647  0.05389553
  0.04634186]",426,424,424
Running Errands - TrackTribe,[0.05040676 0.05557201 0.05317073 ... 0.10099863 0.09475406 0.08610761],427,424,424
Sailing - Telecasted,"[-2.4307007e-04 -2.6123636e-04 -2.0313202e-04 ... -2.4027760e-01
 -2.3689829e-01 -2.1038717e-01]",428,428,428
Sailing - Telecasted,"[-0.1615518  -0.18748717 -0.20225075 ...  0.33443764  0.30702496
  0.23360083]",429,428,428
Seasons - Telecasted,"[-0.00065427 -0.00063302 -0.0006149  ...  0.18538672  0.13943882
  0.08504635]",430,430,430
Seasons - Telecasted,"[ 0.10057292  0.09099673  0.0822308  ... -0.13590908 -0.14344151
 -0.13138051]",431,430,430
Shadoma - Mini Vandals,"[-2.7268470e-07 -4.9152521e-07 -3.8014434e-07 ...  1.3443472e-02
  1.2990391e-02  1.1753083e-02]",432,432,432
Shadoma - Mini Vandals,[0.01541891 0.01720583 0.01801545 ... 0.02252864 0.02238151 0.02221171],433,432,432
Shadoma - The Mini Vandals,"[-2.7268470e-07 -4.9152521e-07 -3.8014434e-07 ...  1.3443472e-02
  1.2990391e-02  1.1753083e-02]",434,434,434
Shadoma - The Mini Vandals,[0.01541891 0.01720583 0.01801545 ... 0.02252864 0.02238151 0.02221171],435,434,434
Shine On - Jeremy Black,"[ 0.00417462  0.00454442  0.00470515 ... -0.03654893 -0.00666704
  0.02658802]",436,436,436
Shine On - Jeremy Black,"[ 0.02146356 -0.01308213 -0.03132218 ...  0.0543097   0.04839535
  0.06764894]",437,436,436
Six Seasons - Unicorn Heads,"[ 0.03935807  0.03987628  0.04031536 ... -0.04632503 -0.04273321
 -0.03740233]",438,438,438
Six Seasons - Unicorn Heads,"[-0.03827951 -0.04553659 -0.05093921 ... -0.04678287 -0.05054286
 -0.05148582]",439,438,438
Six Seasons - Unicorn Heads,"[-0.06338583 -0.07802553 -0.08732297 ...  0.12616369  0.11785629
  0.10351904]",440,438,438
Six Seasons - Unicorn Heads,[0.10241224 0.10830426 0.11323321 ... 0.05327265 0.04936392 0.0450619 ],441,438,438
Six Seasons - Unicorn Heads,"[-0.0370634  -0.02634112 -0.0253008  ... -0.01487726 -0.01434393
 -0.01454687]",442,438,438
Six Seasons - Unicorn Heads,"[-0.04124254 -0.0451248  -0.04972975 ...  0.00234553  0.0005158
  0.00124103]",443,438,438
Six Seasons - Unicorn Heads,"[-0.03844218 -0.04433478 -0.04714495 ...  0.02911702  0.02947923
  0.02734165]",444,438,438
Smoke Jacket Blues - TrackTribe,"[5.1120796e-06 1.9037841e-05 5.6672932e-05 ... 5.4641858e-02 5.8949001e-02
 5.5641685e-02]",445,445,445
Smoke Jacket Blues - TrackTribe,[0.0107617  0.01237569 0.00687554 ... 0.09108032 0.11465861 0.10805698],446,445,445
Smokey's Lounge - TrackTribe,"[-0.01438169 -0.01517502 -0.01602633 ...  0.05170427  0.05414931
  0.06134079]",447,447,447
Smokey's Lounge - TrackTribe,"[ 0.00260172  0.00470688  0.00018424 ... -0.05212927 -0.0533152
 -0.05661114]",448,447,447
Smokey's Lounge - TrackTribe,"[-0.03249964 -0.03142837 -0.03611984 ... -0.00267665 -0.00269581
 -0.0027512 ]",449,447,447
Snowy Peaks pt I - Chris Haugen,"[-3.70918451e-06 -9.00494615e-06 -1.39937329e-05 ...  1.10597955e-02
  1.27518326e-02  1.20602390e-02]",450,450,450
Snowy Peaks pt I - Chris Haugen,[0.02853193 0.03176071 0.03163891 ... 0.03153246 0.03653717 0.03690473],451,450,450
Snowy Peaks pt II - Chris Haugen,"[-0.00057622 -0.00056918 -0.00058726 ...  0.03567531  0.02891074
  0.01962303]",452,452,452
Something You Could Never Own (Clean) - NEFFEX,"[ 4.6056243e-06  4.2687393e-06  3.5809858e-06 ... -4.8082110e-01
 -4.3492147e-01 -3.6484978e-01]",453,453,453
Something You Could Never Own (Clean) - NEFFEX,"[-0.2867654  -0.38798276 -0.431036   ... -0.20430736 -0.21657088
 -0.17686786]",454,453,453
Something You Could Never Own (Instrumental) - NEFFEX,"[ 8.108661e-06  8.557259e-06  8.599923e-06 ... -5.664890e-01 -5.811625e-01
 -5.286166e-01]",455,455,455
Something You Could Never Own (Instrumental) - NEFFEX,"[-0.32221797 -0.38953608 -0.35585928 ...  0.01874825  0.01210391
 -0.00133637]",456,455,455
Something You Could Never Own - NEFFEX,"[-4.7914340e-04 -3.5904290e-04 -7.2800455e-04 ... -4.5820189e-01
 -4.5578808e-01 -3.6704758e-01]",457,457,457
Something You Could Never Own - NEFFEX,"[-0.21197668 -0.2695301  -0.30517992 ... -0.05443018 -0.07273125
 -0.07241129]",458,457,457
Somewhere Fuse - French Fuse,"[ 1.2515172e-06 -1.4212235e-06  1.0924859e-06 ...  5.9571736e-03
  6.4400402e-03  1.4522491e-02]",459,459,459
Somewhere Fuse - French Fuse,"[ 0.00948968  0.00620512  0.01225914 ... -0.12902036 -0.14941913
 -0.12832282]",460,459,459
Soul Food - Chris Haugen,"[-0.01641712 -0.01231557 -0.01136239 ...  0.10059716  0.1043964
  0.08430569]",461,461,461
Space Age Hustle - Squadda B,"[-0.00019405 -0.0001921  -0.00020652 ... -0.05954217 -0.06351261
 -0.05856576]",462,462,462
Spanish Moss - Chris Haugen,"[7.5687517e-08 1.3825094e-07 5.1268967e-07 ... 4.8649520e-02 4.8107177e-02
 4.3745603e-02]",463,463,463
Spanish Moss - Chris Haugen,[0.01806154 0.02136853 0.02255845 ... 0.00388399 0.00394574 0.00397755],464,463,463
Squadda B TV - Squadda B,"[ 0.00023001  0.00021098  0.00018513 ... -0.11205835 -0.10959613
 -0.10717981]",465,465,465
Squadda B TV - Squadda B,"[-0.15038566 -0.14664027 -0.14473453 ... -0.08655176 -0.08734146
 -0.08099163]",466,465,465
Squadda B TV - Squadda B,"[-1.7843361e-01 -2.1180958e-01 -2.1459450e-01 ...  1.7486316e-05
 -1.4783108e-05  5.2055252e-06]",467,465,465
Squadda Bambino Tumblr - Squadda B,"[5.1806145e-04 3.2700427e-04 1.4827611e-04 ... 3.6955288e-01 3.4995973e-01
 3.2512000e-01]",468,468,468
Squadda Bambino Tumblr - Squadda B,[0.14109766 0.16805133 0.17620406 ... 0.00153431 0.00693496 0.00518805],469,468,468
Squadda Bambino Tumblr - Squadda B,"[ 7.30738640e-02  8.31289217e-02  8.88848528e-02 ... -1.04991495e-05
 -1.03405355e-05 -8.89898365e-06]",470,468,468
Statement (Clean) - NEFFEX,"[-6.5197662e-07 -8.0080031e-07 -7.7089999e-07 ...  2.7318305e-01
  3.2328925e-01  2.7734026e-01]",471,471,471
Statement (Clean) - NEFFEX,"[ 0.21727315  0.2662619   0.23227705 ... -0.01211468 -0.01488024
 -0.01169102]",472,471,471
Statement (Clean) - NEFFEX,"[-0.01969962 -0.02279599 -0.01998452 ...  0.06494749  0.06230107
  0.05092692]",473,471,471
Statement - NEFFEX,"[-0.00399906 -0.00434721 -0.00415297 ... -0.07868043 -0.06706388
 -0.0637626 ]",474,474,474
Statement - NEFFEX,"[-0.14484599 -0.1352076  -0.11956663 ... -0.02462616  0.02594811
  0.02703992]",475,474,474
Statement - NEFFEX,"[-0.02021535 -0.00875919  0.01629198 ... -0.15713449 -0.17644615
 -0.15230781]",476,474,474
Stellar Wind - Unicorn Heads,"[-0.03507792 -0.03489009 -0.03446592 ...  0.02291363  0.03268768
  0.0334728 ]",477,477,477
Stellar Wind - Unicorn Heads,"[ 0.02247756  0.02626447  0.02797977 ... -0.17548728 -0.16218618
 -0.13500126]",478,477,477
Stellar Wind - Unicorn Heads,"[-0.05903403 -0.06238542 -0.06826741 ... -0.04104918 -0.04350475
 -0.04442611]",479,477,477
Stellar Wind - Unicorn Heads,"[-0.03093501 -0.04034795 -0.03901772 ... -0.10126656 -0.09769033
 -0.08381211]",480,477,477
Stellar Wind - Unicorn Heads,"[-0.04109784 -0.04435644 -0.04714057 ... -0.05534256 -0.05117226
 -0.03827642]",481,477,477
Stellar Wind - Unicorn Heads,"[ 0.02060023  0.03230417  0.05114321 ... -0.03694635 -0.04286731
 -0.0435817 ]",482,477,477
Stellar Wind - Unicorn Heads,"[-0.00865036 -0.01441059 -0.02066835 ...  0.04269145  0.03731214
  0.03023348]",483,477,477
Straight Fuse - French Fuse,[0.         0.         0.         ... 0.00678911 0.01597748 0.01115771],484,484,484
Sunshine - Telecasted,[0.         0.         0.         ... 0.30386183 0.29813117 0.23927274],485,485,485
Sunshine - Telecasted,"[3.2554919e-01 3.6005980e-01 2.7433315e-01 ... 5.2927790e-05 5.6983437e-05
 4.7472608e-05]",486,485,485
"Sweet Dreams, My Dear - 소향(SoHyang) MV ver. ","[ 0.          0.          0.         ... -0.06129096 -0.0720021
 -0.05300051]",487,487,487
"Sweet Dreams, My Dear - 소향(SoHyang) MV ver. ","[-0.04650715 -0.04808412 -0.03420544 ... -0.13681142 -0.09918934
 -0.06914226]",488,487,487
"Sweet Dreams, My Dear - 소향(SoHyang) MV ver. ","[ 0.17226171  0.18595102  0.19770351 ... -0.01083545 -0.01036731
 -0.00942404]",489,487,487
Switched on Carcassi - Brian Bolger,"[-7.9292877e-05 -2.4706818e-05 -4.8564070e-05 ... -2.5369719e-01
 -2.3955618e-01 -2.0452601e-01]",490,490,490
Take Me Back - NEFFEX,"[-6.9762500e-05 -4.2633361e-05  4.9627056e-06 ... -3.7183109e-01
 -4.0420502e-01 -3.6211139e-01]",491,491,491
Take Me Back - NEFFEX,"[-0.25270858 -0.30897993 -0.28206557 ... -0.04702288 -0.08399717
 -0.10462426]",492,491,491
Take Me Back - NEFFEX,"[-0.20166175 -0.24241531 -0.21604143 ...  0.1289565   0.13480504
  0.098703  ]",493,491,491
Target Fuse - French Fuse,[0.         0.         0.         ... 0.06259627 0.07472073 0.07753067],494,494,494
Target Fuse - French Fuse,"[ 0.05752657  0.06310579  0.04092341 ...  0.00508307 -0.00257242
 -0.00567334]",495,494,494
Tell Me That I Can't (Clean) - NEFFEX,"[-2.1762135e-05 -2.9328834e-05 -2.5010650e-05 ...  2.5951895e-01
  2.0520678e-01  2.5006831e-01]",496,496,496
Tell Me That I Can't (Clean) - NEFFEX,"[ 0.09734426  0.13644157  0.14896265 ... -0.09447052 -0.13065329
 -0.13339612]",497,496,496
Tell Me That I Can't (Instrumental) - NEFFEX (1),"[ 3.8307255e-05  3.8258248e-05  3.8308001e-05 ... -1.6366212e-03
 -9.3758285e-02 -5.3783502e-02]",498,498,498
Tell Me That I Can't (Instrumental) - NEFFEX (1),[0.03132893 0.031891   0.03272935 ... 0.08068228 0.07401907 0.05497785],499,498,498
Tell Me That I Can't (Instrumental) - NEFFEX,"[ 3.8307255e-05  3.8258248e-05  3.8308001e-05 ... -1.6366212e-03
 -9.3758285e-02 -5.3783502e-02]",500,500,500
Tell Me That I Can't (Instrumental) - NEFFEX,[0.03132893 0.031891   0.03272935 ... 0.08068228 0.07401907 0.05497785],501,500,500
Tell Me That I Can't - NEFFEX,"[ 0.0023893   0.00430532  0.0037855  ... -0.2269456  -0.14629516
 -0.17903805]",502,502,502
Tell Me That I Can't - NEFFEX,"[-0.19836673 -0.20043297 -0.20044805 ...  0.03744906  0.03252871
  0.02862868]",503,502,502
Tempos Vari - Freedom Trail Studio,"[-5.7952907e-06 -1.2993045e-05  3.0164350e-05 ... -6.1057070e-03
 -7.7210355e-04  3.6662836e-03]",504,504,504
Tempos Vari - Freedom Trail Studio,[0.04709298 0.05002262 0.04991772 ... 0.03245788 0.03242964 0.02928122],505,504,504
That's What It Takes (Clean) - NEFFEX,"[ 1.6069777e-06 -1.4320361e-07 -2.1667927e-06 ... -1.5277162e-01
 -2.0662142e-01 -1.7970599e-01]",506,506,506
That's What It Takes (Clean) - NEFFEX,"[-0.2307801  -0.2993596  -0.24568602 ... -0.12703654 -0.09296378
 -0.0873766 ]",507,506,506
That's What It Takes (Instrumental) - NEFFEX,"[-3.2429358e-07 -1.7960065e-06 -1.8360503e-06 ...  9.7134270e-02
  9.3048185e-02  6.4228997e-02]",508,508,508
That's What It Takes (Instrumental) - NEFFEX,"[ 0.06177597  0.07058109  0.04964482 ... -0.00598377 -0.00371572
 -0.0051243 ]",509,508,508
That's What It Takes - NEFFEX,"[ 0.          0.          0.         ... -0.16584913 -0.11851478
 -0.06341276]",510,510,510
That's What It Takes - NEFFEX,"[-0.05407225  0.04631928  0.15080042 ... -0.49606398 -0.6299762
 -0.61163855]",511,510,510
The Empty Moons of Jupiter - DivKid,"[-7.2038738e-06 -7.4134905e-06 -2.3274022e-05 ... -1.9012552e-01
 -1.8656494e-01 -1.6440070e-01]",512,512,512
The Empty Moons of Jupiter - DivKid,"[-0.09814312 -0.12691793 -0.14391793 ...  0.14541902  0.13171542
  0.11544864]",513,512,512
The Empty Moons of Jupiter - DivKid,[0.06393668 0.07458457 0.08323386 ... 0.00842045 0.00660889 0.00574865],514,512,512
The Gentlemen - DivKid,"[-0.00040055  0.00184947  0.00267345 ... -0.08309859 -0.09092601
 -0.09664368]",515,515,515
The Gentlemen - DivKid,[0.09821258 0.1157816  0.10397743 ... 0.03679061 0.03788385 0.03289167],516,515,515
The Gentlemen - DivKid,[0.02499568 0.02603788 0.027113   ... 0.06407332 0.06509938 0.06210514],517,515,515
The Itch (Instrumental) - NEFFEX,"[ 1.6711456e-09 -6.9739798e-08 -1.0887738e-07 ... -3.1430009e-01
 -3.3106187e-01 -2.7524370e-01]",518,518,518
The Itch (Instrumental) - NEFFEX,"[-0.21526739 -0.26196533 -0.2604367  ... -0.01711549 -0.01758811
 -0.01661568]",519,518,518
The Itch - NEFFEX,"[ 0.00059355  0.00093959  0.00095613 ... -0.01697517  0.00501975
  0.01133029]",520,520,520
The Itch - NEFFEX,"[ 0.1413838   0.1394509   0.11905394 ... -0.03907247 -0.0571269
 -0.05977347]",521,520,520
The Stoic and the Sailor - Unicorn Heads,"[ 1.5049717e-07  1.1206010e-05  2.1456075e-05 ... -4.4323921e-02
 -4.3016460e-02 -3.9829649e-02]",522,522,522
The Stoic and the Sailor - Unicorn Heads,"[-0.04038461 -0.04238416 -0.04311462 ... -0.02366278 -0.02398937
 -0.0162273 ]",523,522,522
The Stoic and the Sailor - Unicorn Heads,"[-0.01431326 -0.0102119  -0.00853934 ... -0.11625185 -0.10714421
 -0.09182662]",524,522,522
The Stoic and the Sailor - Unicorn Heads,"[-0.12787685 -0.14174753 -0.15084901 ...  0.11730295  0.10189402
  0.08287221]",525,522,522
The Stoic and the Sailor - Unicorn Heads,[0.06454087 0.06524483 0.06102917 ... 0.06576242 0.0772694  0.07518879],526,522,522
The Stoic and the Sailor - Unicorn Heads,[0.11051396 0.1256307  0.13613674 ... 0.05713426 0.06323326 0.06407759],527,522,522
The Thought of You - TrackTribe,"[-5.6438523e-07 -1.2934215e-05  1.5625854e-05 ...  4.1207038e-03
  5.5540823e-03  6.8151592e-03]",528,528,528
The Thought of You - TrackTribe,[0.00621128 0.00673446 0.00728529 ... 0.06189302 0.06231701 0.05967497],529,528,528
The Thought of You - TrackTribe,"[ 0.01940269  0.01524011  0.00639632 ... -0.01711625 -0.01999969
 -0.01982368]",530,528,528
The Thought of You - TrackTribe,"[-0.01774981 -0.01972049 -0.01892174 ... -0.04933225 -0.04485582
 -0.03965058]",531,528,528
This is Not a Christmas Song - NEFFEX,"[-0.00206277 -0.0024691  -0.00243702 ...  0.2858915   0.33632824
  0.31440404]",532,532,532
This is Not a Christmas Song - NEFFEX,"[ 0.42712292  0.42369664  0.33891755 ...  0.0298685   0.01298815
 -0.01297466]",533,532,532
This is Not a Christmas Song - NEFFEX,"[-0.05806728 -0.07986382 -0.08265555 ...  0.10462748  0.09288654
  0.08816979]",534,532,532
Thunder - Telecasted,"[ 0.0000000e+00  7.3664423e-15  3.1780324e-14 ... -4.0822905e-02
 -3.8229685e-02 -2.8331494e-02]",535,535,535
Thunder - Telecasted,"[-0.04434555 -0.06135842 -0.0689924  ...  0.03609176  0.02974932
  0.01531704]",536,535,535
Til I Hear'em Say (Instrumental) - NEFFEX,"[-4.5667962e-06  1.7552440e-05  9.7693090e-05 ... -2.7351341e-01
 -3.1139791e-01 -2.5734466e-01]",537,537,537
Til I Hear'em Say (Instrumental) - NEFFEX,"[-0.09429902 -0.12551267 -0.1007494  ... -0.19793163 -0.19383283
 -0.18085602]",538,537,537
Til I Hear'em Say - NEFFEX,"[-0.01776355 -0.02411808 -0.03836831 ...  0.0710238   0.07215114
  0.06174162]",539,539,539
Til I Hear'em Say - NEFFEX,"[ 0.07823846  0.06950298  0.07918167 ... -0.14752886 -0.1438155
 -0.12346719]",540,539,539
Till I Let Go (Instrumental) - NEFFEX,"[ 1.4603741e-07  1.6088167e-07  1.7915531e-07 ... -3.8548112e-01
 -2.5751352e-01 -2.7291691e-01]",541,541,541
Till I Let Go (Instrumental) - NEFFEX,"[-0.16177478 -0.13892344 -0.00622285 ... -0.01133785  0.00884584
  0.01911171]",542,541,541
Till I Let Go (Instrumental) - NEFFEX,"[ 0.05416928  0.06313672  0.0501167  ... -0.00019438 -0.00021365
 -0.00022885]",543,541,541
Till I Let Go - NEFFEX,"[-0.0010797  -0.00128883 -0.00146104 ...  0.08786101  0.10486197
  0.12547101]",544,544,544
Till I Let Go - NEFFEX,"[-0.03361952 -0.04520245 -0.04972365 ...  0.30635875  0.31343365
  0.25836113]",545,544,544
Till I Let Go - NEFFEX,"[ 1.1740045e-01  1.2928535e-01  8.1919253e-02 ... -8.1631642e-06
 -4.2012834e-05 -4.6509267e-05]",546,544,544
Time to Spare - An Jone,"[-8.8253964e-06 -9.2963646e-06 -5.1842460e-07 ... -2.7064621e-02
 -2.6514357e-02 -2.1609347e-02]",547,547,547
Time to Spare - An Jone,"[ 0.00609765  0.0056216   0.006511   ... -0.08673081 -0.07374075
 -0.06009446]",548,547,547
To Loom Is to Love - Mini Vandals,"[-9.3140287e-08  1.7956651e-07  1.3393488e-07 ...  3.6973529e-02
  3.0637674e-02  2.2839902e-02]",549,549,549
To Loom Is to Love - The Mini Vandals,"[-9.3140287e-08  1.7956651e-07  1.3393488e-07 ...  3.6973529e-02
  3.0637674e-02  2.2839902e-02]",550,550,550
Tough - NEFFEX,"[ 0.00899358  0.008847    0.00846119 ... -0.27026534 -0.27057946
 -0.2352827 ]",551,551,551
Tough - NEFFEX,"[-0.06464761 -0.10631794 -0.26881886 ...  0.01306733 -0.01336942
 -0.0395815 ]",552,551,551
Travel Nonstop - Squadda B,"[-1.7646871e-05 -2.1521601e-05 -3.4130138e-05 ...  8.2783818e-02
  7.9282917e-02  6.6067308e-02]",553,553,553
Tropic Fuse - French Fuse,"[ 5.4205401e-08 -3.8203648e-08  1.6762929e-08 ...  5.1860727e-02
  8.0551580e-02  8.6123742e-02]",554,554,554
URL Melt - Unicorn Heads,"[-0.02865012 -0.0257725  -0.02267328 ... -0.00972993 -0.01231696
 -0.01204971]",555,555,555
URL Melt - Unicorn Heads,"[-0.00566539 -0.00783178 -0.00791694 ... -0.00711222 -0.01290999
 -0.01055907]",556,555,555
URL Melt - Unicorn Heads,"[-0.01353098 -0.0150672  -0.01424235 ...  0.05739922  0.06393328
  0.05768629]",557,555,555
URL Melt - Unicorn Heads,[0.03689512 0.04207952 0.04849987 ... 0.03370532 0.03947077 0.0322941 ],558,555,555
URL Melt - Unicorn Heads,"[ 0.04486714  0.04509453  0.04677551 ... -0.00090063  0.00127095
  0.00236145]",559,555,555
URL Melt - Unicorn Heads,"[-0.00048478  0.00187441  0.00410235 ...  0.00986895  0.01081991
  0.00418703]",560,555,555
URL Melt - Unicorn Heads,[0.01374072 0.00887699 0.00310343 ... 0.07575726 0.09794543 0.08535093],561,555,555
URL Melt - Unicorn Heads,"[ 0.03878588  0.03807431  0.02704304 ... -0.11379144 -0.09788811
 -0.07034688]",562,555,555
URL Melt - Unicorn Heads,"[-0.01737157 -0.00792514  0.01534414 ...  0.00396913  0.00150965
 -0.00086659]",563,555,555
Vaquero Perdido - Mini Vandals,[0.00648302 0.00814768 0.00564408 ... 0.06659608 0.07195222 0.0646654 ],564,564,564
Vaquero Perdido - Mini Vandals,[0.04183775 0.04701386 0.0453576  ... 0.03649569 0.03162127 0.02747531],565,564,564
Vaquero Perdido - The Mini Vandals,[0.00648302 0.00814768 0.00564408 ... 0.06659608 0.07195222 0.0646654 ],566,566,566
Vaquero Perdido - The Mini Vandals,[0.04183775 0.04701386 0.0453576  ... 0.03649569 0.03162127 0.02747531],567,566,566
Vespers on the Shore - Mini Vandals,"[-1.08473856e-07  2.07368458e-07  2.67573085e-07 ... -3.53040663e-03
 -3.20461951e-03 -2.65901559e-03]",568,568,568
Vespers on the Shore - Mini Vandals,"[-0.00018373  0.00024145  0.00059254 ... -0.00750158 -0.00801074
 -0.00748706]",569,568,568
Vespers on the Shore - The Mini Vandals,"[-1.08473856e-07  2.07368458e-07  2.67573085e-07 ... -3.53040663e-03
 -3.20461951e-03 -2.65901559e-03]",570,570,570
Vespers on the Shore - The Mini Vandals,"[-0.00018373  0.00024145  0.00059254 ... -0.00750158 -0.00801074
 -0.00748706]",571,570,570
Voices - Patrick Patrikios,"[ 0.0002547   0.00022334  0.00023642 ... -0.18310839 -0.2040096
 -0.17641991]",572,572,572
Voices - Patrick Patrikios,"[-0.1767877  -0.22570126 -0.23466465 ...  0.07245837  0.06233518
  0.05805965]",573,572,572
Watch Your Back - Jeremy Black,[0.00070509 0.00053599 0.00047338 ... 0.03839346 0.04779278 0.04182497],574,574,574
Watch Your Back - Jeremy Black,"[-0.04392611 -0.04289368 -0.04993387 ...  0.03219318  0.03591657
  0.02936453]",575,574,574
Watch Your Back - Jeremy Black,"[-0.01585251 -0.0167812  -0.01671629 ...  0.02550555  0.0323476
  0.02870896]",576,574,574
Watch Your Back - Jeremy Black,"[-0.08316582 -0.07742572 -0.07927741 ...  0.0215779   0.0267907
  0.02566505]",577,574,574
We Bubbles - Freedom Trail Studio,"[-2.5937105e-05 -2.3195691e-05  4.8736918e-05 ...  1.2947933e-01
  1.3300434e-01  1.0936400e-01]",578,578,578
We Bubbles - Freedom Trail Studio,"[ 0.02948567  0.03033357  0.00676157 ... -0.1540491  -0.16921026
 -0.12830308]",579,578,578
West Bad - Jeremy Black,"[ 2.6806672e-06  1.6018570e-05  6.8027989e-06 ... -3.3362247e-02
 -2.0723101e-02 -1.0293837e-02]",580,580,580
West Bad - Jeremy Black,"[ 0.00187631 -0.00353164 -0.00500271 ... -0.01484418 -0.01039617
 -0.00385688]",581,580,580
West Bad - Jeremy Black,"[-0.02116603 -0.02443879 -0.02719788 ...  0.16588977  0.18592398
  0.15573038]",582,580,580
Who Do You Think I Think You Are,"[ 0.00146579  0.00152856  0.00127368 ... -0.15833122 -0.14438048
 -0.12302367]",583,583,583
Who Do You Think I Think You Are,"[-0.17884836 -0.18759316 -0.14592749 ... -0.12224489 -0.12050081
 -0.11000904]",584,583,583
Would it Kill You,"[-1.5976577e-05 -1.4156386e-05 -2.0880018e-06 ...  2.9408021e-02
  5.7376266e-02  6.9144785e-02]",585,585,585
Yah Ribon - E's Jammy Jams,"[-6.2803258e-07 -3.4565653e-07 -8.8266653e-08 ...  1.9462860e-01
  1.9889832e-01  1.7499670e-01]",586,586,586
Yah Ribon - E's Jammy Jams,"[ 0.11667     0.12347344  0.12799767 ... -0.12840626 -0.12567762
 -0.11837725]",587,586,586
Yah Ribon - E's Jammy Jams,"[-0.07928022 -0.08854495 -0.09398039 ... -0.2643165  -0.2450515
 -0.22285786]",588,586,586
Yah Ribon - E's Jammy Jams,"[-0.18933633 -0.19260335 -0.19401446 ... -0.06220275 -0.06593212
 -0.06205751]",589,586,586
Yismach Chatoni - E's Jammy Jams,"[ 3.3105329e-07 -4.2981904e-07  2.8360728e-07 ... -2.0186229e-01
 -2.2210528e-01 -1.8402234e-01]",590,590,590
Yismach Chatoni - E's Jammy Jams,"[-0.11031061 -0.12847838 -0.11440933 ...  0.05587766  0.07953143
  0.09270559]",591,590,590
YOASOBI - 夜に駆ける (밤을 달리다) [한국어 자막 - 가사 번역] (320  kbps) (savefrom.kr),"[ 0.          0.          0.         ... -0.15747456 -0.14401965
 -0.13277642]",592,592,592
YOASOBI - 夜に駆ける (밤을 달리다) [한국어 자막 - 가사 번역] (320  kbps) (savefrom.kr),[0.10147029 0.15701528 0.15545398 ... 0.11887529 0.11814168 0.09095628],593,592,592
YOASOBI - 夜に駆ける (밤을 달리다) [한국어 자막 - 가사 번역] (320  kbps) (savefrom.kr),[0.22492218 0.27389234 0.24247228 ... 0.23608775 0.2807001  0.22472312],594,592,592
YOASOBI - 夜に駆ける (밤을 달리다) [한국어 자막 - 가사 번역] (320  kbps) (savefrom.kr),"[ 0.28650257  0.33619902  0.29563382 ... -0.14365263 -0.0980647
 -0.09542944]",595,592,592
YOASOBI - 夜に駆ける - THE HOME TAKE (320  kbps) (savefrom.kr) (1),"[-3.7714351e-06 -3.1731763e-06 -1.7125870e-06 ...  1.5751280e-02
  1.6034773e-02  3.0091858e-02]",596,596,592
YOASOBI - 夜に駆ける - THE HOME TAKE (320  kbps) (savefrom.kr) (1),"[-0.14650083 -0.18630436 -0.20427626 ...  0.5161032   0.6164725
  0.5589464 ]",597,596,592
YOASOBI - 夜に駆ける - THE HOME TAKE (320  kbps) (savefrom.kr) (1),[0.4313096  0.48852715 0.44987592 ... 0.38333192 0.39722863 0.32713693],598,596,592
YOASOBI - 夜に駆ける - THE HOME TAKE (320  kbps) (savefrom.kr) (1),[0.24625412 0.28222498 0.24237986 ... 0.02144951 0.02323635 0.02479805],599,596,592
Yoga Style - Chris Haugen,"[-4.7021013e-06 -1.6826456e-05 -1.0115469e-05 ... -2.5678209e-03
 -8.3805453e-03 -9.3471203e-03]",600,600,600
Yoga Style - Chris Haugen,"[-0.03225554 -0.04160053 -0.04603537 ... -0.01050825 -0.01054893
 -0.01042837]",601,600,600
Your Love - Yung Logos,"[ 0.00540455  0.00523625  0.00504865 ... -0.17950548 -0.17228293
 -0.16406193]",602,602,602
Your Love - Yung Logos,"[-0.13256723 -0.1353475  -0.13664342 ... -0.05759164 -0.0541966
 -0.04877726]",603,602,602
Zula - Mini Vandals,"[-2.7981976e-05 -1.3193996e-06  9.9977186e-08 ...  9.5464543e-02
  1.2316798e-01  1.0304132e-01]",604,604,604
Zula - Mini Vandals,[0.2523447  0.31273016 0.30801168 ... 0.02265347 0.05437332 0.0713281 ],605,604,604
[STAR ZOOM IN] IU - The Red Shoes ★Halloween Stage★ [M COUNTDOWN EP.355] 151022 EP.37 (320  kbps) (savefrom.kr),[0.         0.         0.         ... 0.29395634 0.2249986  0.18651317],606,606,308
[STAR ZOOM IN] IU - The Red Shoes ★Halloween Stage★ [M COUNTDOWN EP.355] 151022 EP.37 (320  kbps) (savefrom.kr),[0.16993532 0.32573488 0.33548102 ... 0.21056047 0.26324213 0.21572946],607,606,308
[STAR ZOOM IN] IU - The Red Shoes ★Halloween Stage★ [M COUNTDOWN EP.355] 151022 EP.37 (320  kbps) (savefrom.kr),[0.18465838 0.25477934 0.23069318 ... 0.01620949 0.02679779 0.01872632],608,606,308
[STAR ZOOM IN] IU - The Red Shoes ★Halloween Stage★ [M COUNTDOWN EP.355] 151022 EP.37 (320  kbps) (savefrom.kr),"[ 0.02949615  0.02844898  0.02344583 ... -0.00718409 -0.02742893
 -0.03418358]",609,606,308
[TJ노래방 - 남자키] 분홍신 - IU - TJ Karaoke (320  kbps) (savefrom.kr),"[ 0.0000000e+00  1.1894436e-21 -3.4934992e-21 ...  9.2303634e-02
  9.9462599e-02  9.2212953e-02]",610,610,308
[TJ노래방 - 남자키] 분홍신 - IU - TJ Karaoke (320  kbps) (savefrom.kr),"[ 0.00664369  0.00072564  0.01414502 ... -0.0078837  -0.06111561
 -0.07024847]",611,610,308
[TJ노래방 - 남자키] 분홍신 - IU - TJ Karaoke (320  kbps) (savefrom.kr),"[-0.10055177 -0.12781203 -0.15038511 ... -0.06358987 -0.09091327
 -0.08315862]",612,610,308
[TJ노래방 - 남자키] 분홍신 - IU - TJ Karaoke (320  kbps) (savefrom.kr),"[-0.05451524 -0.05552924 -0.03969469 ...  0.06265254  0.08951236
  0.09429757]",613,610,308
[TJ노래방] 야생화 - 박효신 (Wild Flower - Park Hyo Shin) - TJ Karaoke (320  kbps) (savefrom.kr),"[ 0.          0.          0.         ... -0.04183153 -0.03576899
 -0.02824842]",614,614,614
[TJ노래방] 야생화 - 박효신 (Wild Flower - Park Hyo Shin) - TJ Karaoke (320  kbps) (savefrom.kr),"[-0.04667651 -0.05230029 -0.05746586 ...  0.11701488  0.10898077
  0.09505116]",615,614,614
[TJ노래방] 야생화 - 박효신 (Wild Flower - Park Hyo Shin) - TJ Karaoke (320  kbps) (savefrom.kr),"[ 0.02065245  0.02384823  0.02019093 ... -0.02611872 -0.01882266
 -0.01490153]",616,614,614
[TJ노래방] 야생화 - 박효신 (Wild Flower - Park Hyo Shin) - TJ Karaoke (320  kbps) (savefrom.kr),"[ 0.04033992  0.04320088  0.03817002 ... -0.12574238 -0.12269972
 -0.09419303]",617,614,614
[TJ노래방] 야생화 - 박효신 (Wild Flower - Park Hyo Shin) - TJ Karaoke (320  kbps) (savefrom.kr),"[-0.06705412 -0.08732551 -0.0818638  ... -0.02298846 -0.02560218
 -0.02483914]",618,614,614
[로스트아크 l OST] 몽환의 아스탤지어(유저피셜 찬미버전) - Astalgia of Phantasm -LOST ARK Official Soundtrack (320  kbps) (savefrom.kr),"[ 0.00000000e+00  1.05063551e-17 -4.32171761e-17 ...  1.66557375e-02
  1.10056475e-02 -1.03695579e-02]",619,619,619
[로스트아크 l OST] 몽환의 아스탤지어(유저피셜 찬미버전) - Astalgia of Phantasm -LOST ARK Official Soundtrack (320  kbps) (savefrom.kr),"[ 0.00031198 -0.01249591 -0.04352574 ...  0.20991689  0.22089554
  0.1938943 ]",620,619,619
[로스트아크 l OST] 몽환의 아스탤지어(유저피셜 찬미버전) - Astalgia of Phantasm -LOST ARK Official Soundtrack (320  kbps) (savefrom.kr),[0.07585758 0.12411375 0.13733527 ... 0.03666805 0.05286758 0.05794475],621,619,619
[로스트아크 l OST] 몽환의 아스탤지어(유저피셜 찬미버전) - Astalgia of Phantasm -LOST ARK Official Soundtrack (320  kbps) (savefrom.kr),"[ 0.09866863  0.14692141  0.16166455 ... -0.24110995 -0.2751261
 -0.24508348]",622,619,619
[로스트아크 l OST] 몽환의 아스탤지어(유저피셜 찬미버전) - Astalgia of Phantasm -LOST ARK Official Soundtrack (320  kbps) (savefrom.kr),"[-0.07343905 -0.12220938 -0.11166581 ...  0.00119901  0.00808849
  0.01093907]",623,619,619
분홍신 4키 다운,"[ 0.          0.          0.         ... -0.01620136 -0.01152352
 -0.00721419]",624,624,308
분홍신 4키 다운,"[-0.02930385 -0.05072834 -0.06431618 ...  0.16571543  0.15534127
  0.13125257]",625,624,308
분홍신 4키 다운,"[ 0.0482629   0.06145965  0.06869566 ... -0.03556011 -0.04259782
 -0.05152903]",626,624,308
분홍신 4키 다운,"[-0.06756731 -0.06394789 -0.05511401 ...  0.00948954 -0.01504845
 -0.01895099]",627,624,308
야생화 -2키 ,"[ 0.          0.          0.         ... -0.0031777  -0.00105201
  0.00085308]",628,628,614
야생화 -2키 ,"[ 0.00269361  0.00559194  0.0084205  ... -0.10689563 -0.09840064
 -0.08887336]",629,628,614
야생화 -2키 ,"[-0.10348099 -0.11542724 -0.12302934 ...  0.08809805  0.08696742
  0.07108831]",630,628,614
야생화 -2키 ,"[ 0.03485481  0.03728814  0.03793145 ... -0.02701285 -0.02618866
 -0.02489218]",631,628,614
야생화 -2키 ,[0.01381638 0.01561118 0.01774038 ... 0.14167534 0.13989587 0.1380988 ],632,628,614
