19th Floor - Bobby Richards,[0.22560193 0.23475027 0.2417051  ... 0.10270038 0.10002589 0.09190871]
19th Floor - Bobby Richards,"[2.8177333e-01 3.2364124e-01 3.5292023e-01 ... 4.0892784e-05 3.9189228e-05
 3.3120450e-05]"
2022 로스트아크 콘서트,[0.         0.         0.         ... 0.23307602 0.22962722 0.19995141]
2022 로스트아크 콘서트,[0.15611647 0.18137793 0.2119549  ... 0.19696817 0.20741086 0.17466396]
2022 로스트아크 콘서트,[0.18059786 0.23135366 0.25222844 ... 0.22035329 0.22025469 0.18291046]
2022 로스트아크 콘서트,[0.1876324  0.22526474 0.2409447  ... 0.2140118  0.20838833 0.17648186]
2022 로스트아크 콘서트,[0.14008686 0.21518624 0.24122734 ... 0.19936897 0.21435119 0.18370275]
A Fool's Theme - Brian Bolger,[0.0050888  0.00514095 0.00514513 ... 0.15903246 0.16603398 0.14657237]
A Fool's Theme - Brian Bolger,[0.13014464 0.16494603 0.18684037 ... 0.1635018  0.15564148 0.13609976]
A Year Ago (Instrumental) - NEFFEX,"[6.7434956e-07 7.1907537e-03 4.0590163e-02 ... 1.9034471e-01 2.0359881e-01
 1.7042518e-01]"
A Year Ago (Instrumental) - NEFFEX,[0.12488369 0.15599257 0.19944286 ... 0.17846955 0.19956371 0.1789745 ]
A Year Ago - NEFFEX,[0.02280347 0.04560978 0.05991811 ... 0.17337738 0.18850337 0.16185287]
A Year Ago - NEFFEX,[0.18797572 0.24131492 0.2731137  ... 0.24959628 0.26101664 0.23220024]
Addict (Instrumental) - NEFFEX,[0.         0.         0.         ... 0.26624665 0.22967298 0.15710846]
Addict (Instrumental) - NEFFEX,[0.10213991 0.18811572 0.29802582 ... 0.08575127 0.07558472 0.06262241]
Addict (Instrumental) - NEFFEX,[0.07098848 0.09041747 0.09924794 ... 0.37225097 0.364696   0.34070298]
Addict - NEFFEX,"[9.4850453e-05 1.1894578e-04 1.3791850e-04 ... 2.4128918e-01 2.3183891e-01
 1.9713049e-01]"
Addict - NEFFEX,[0.29161313 0.3711261  0.44430357 ... 0.14356029 0.14773454 0.12935352]
Addict - NEFFEX,[0.0976229  0.12134677 0.14008904 ... 0.3716914  0.3838236  0.3051029 ]
Anomalous Hedges - Mini Vandals,"[1.2054836e-04 2.0496955e-04 4.2642589e-04 ... 1.3112786e-01 1.2884185e-01
 1.1005856e-01]"
Anomalous Hedges - Mini Vandals,[0.09209413 0.14121863 0.1726808  ... 0.1360924  0.12072558 0.10614807]
Anomalous Hedges - Mini Vandals,[0.08456703 0.10170145 0.11171439 ... 0.19438046 0.21128356 0.19408406]
Anomalous Hedges - The Mini Vandals,"[1.2054836e-04 2.0496955e-04 4.2642589e-04 ... 1.3112786e-01 1.2884185e-01
 1.1005856e-01]"
Anomalous Hedges - The Mini Vandals,[0.09209413 0.14121863 0.1726808  ... 0.1360924  0.12072558 0.10614807]
Anomalous Hedges - The Mini Vandals,[0.08456703 0.10170145 0.11171439 ... 0.19438046 0.21128356 0.19408406]
As You Fade Away - NEFFEX,[0.04745676 0.08174522 0.10977829 ... 0.3323545  0.32039413 0.26343638]
As You Fade Away - NEFFEX,[0.25682935 0.3070741  0.39674637 ... 0.13479167 0.10591151 0.07018047]
As You Fade Away - NEFFEX,[0.4250163  0.5557382  0.62765485 ... 0.31409162 0.31621364 0.25463077]
As You Fade Away - NEFFEX,[0.18589984 0.23540917 0.26984847 ... 0.08078066 0.08511744 0.07539143]
Awful - josh pan,[0.00527253 0.01070049 0.01720132 ... 0.1625862  0.15614036 0.1282285 ]
Awful - josh pan,[0.10931218 0.13094757 0.14493549 ... 0.11466148 0.11151335 0.09189101]
Awful - josh pan,[0.13373563 0.28007448 0.46460313 ... 0.1601504  0.15270111 0.12532382]
Backwoods BBQ - Chris Haugen,"[6.5871733e-05 8.2747392e-05 9.3904237e-05 ... 1.3742711e-01 1.3137981e-01
 1.1446794e-01]"
Bay Street Billionaires - Squadda B,[0.00089601 0.00132614 0.00159605 ... 0.10276084 0.10701078 0.08009874]
Bay Street Billionaires - Squadda B,[0.1472025  0.21126035 0.2667769  ... 0.15077966 0.15176547 0.13134687]
Baym Rebin in Palestina - E's Jammy Jams,"[0.0000000e+00 0.0000000e+00 2.4332716e-05 ... 1.2365166e-01 1.2213229e-01
 1.0985152e-01]"
Baym Rebin in Palestina - E's Jammy Jams,[0.10258398 0.12465779 0.1430017  ... 0.12302629 0.10906539 0.09336337]
Baym Rebin in Palestina - E's Jammy Jams,[0.06749611 0.08177275 0.09448623 ... 0.12601583 0.1182612  0.09876266]
Baym Rebin in Palestina - E's Jammy Jams,[0.08452462 0.10745369 0.13186912 ... 0.02992591 0.02350923 0.01854026]
Baym Rebin in Palestina - E's Jammy Jams,"[1.1558179e-02 1.4350075e-02 1.7043769e-02 ... 4.7204471e-06 4.5612160e-06
 3.2340670e-06]"
Believe (Instrumental) - NEFFEX,[0.         0.00012722 0.00315265 ... 0.06321845 0.06089996 0.04814068]
Believe (Instrumental) - NEFFEX,[0.07354777 0.09778329 0.1287444  ... 0.24464272 0.24545461 0.19974017]
Believe - NEFFEX,[0.00365307 0.00853523 0.01505874 ... 0.16406032 0.17719528 0.15154825]
Believe - NEFFEX,[0.15237373 0.18804885 0.23182918 ... 0.24996568 0.24889758 0.21146768]
Birdseye Blues - Chris Haugen,[0.00220233 0.04210759 0.07727415 ... 0.116378   0.11152393 0.09579878]
Bite Me (Clean) - NEFFEX,[0.00031177 0.11765761 0.1874407  ... 0.16924946 0.19123812 0.17575853]
Bite Me (Clean) - NEFFEX,[0.16309051 0.22069952 0.28214058 ... 0.10490363 0.09459002 0.08182763]
Bite Me (Clean) - NEFFEX,[0.04843348 0.13634881 0.20101038 ... 0.41122794 0.39764148 0.34973562]
Bite Me (Instrumental) - NEFFEX,[0.00034867 0.13521084 0.21946618 ... 0.02988731 0.02786284 0.02306287]
Bite Me (Instrumental) - NEFFEX,[0.01773063 0.13958114 0.25045833 ... 0.00759566 0.00704235 0.00541889]
Bite Me (Instrumental) - NEFFEX,[0.00498672 0.13290115 0.19141456 ... 0.47919446 0.44626865 0.3948068 ]
Bite Me - NEFFEX,[0.19322106 0.32668185 0.40830222 ... 0.22073442 0.22235608 0.1974142 ]
Bite Me - NEFFEX,[0.27261877 0.40382475 0.49293783 ... 0.08567657 0.07523745 0.06246196]
Bite Me - NEFFEX,[0.2376858  0.39191976 0.47804305 ... 0.39821303 0.39009646 0.34258127]
Black Mass - Brian Bolger,[0.         0.0061413  0.02280915 ... 0.10144795 0.10076124 0.08483443]
Black Mass - Brian Bolger,[0.08149779 0.10279753 0.11618079 ... 0.16009155 0.15654549 0.14229563]
Blue Day - Freedom Trail Studio,"[2.5674039e-05 3.2286138e-05 3.7984202e-05 ... 2.8381175e-01 2.8014579e-01
 2.4430972e-01]"
Blue Day - Freedom Trail Studio,[0.25936237 0.3410356  0.37176996 ... 0.33292332 0.34340322 0.30323693]
Blue Mood - Robert Munzinger,[0.2522379  0.2753312  0.30151197 ... 0.08674589 0.08719137 0.07448566]
Blue Mood - Robert Munzinger,[0.1371343  0.15573144 0.16628458 ... 0.17378724 0.17291391 0.1619324 ]
Blue Mood - Robert Munzinger,[0.14570051 0.23879106 0.28069046 ... 0.13376911 0.13090725 0.10870343]
Blue Mood - Robert Munzinger,[0.12140437 0.142396   0.16442484 ... 0.24178812 0.23832245 0.20920059]
Blue Mood - Robert Munzinger,[0.1643978  0.21537837 0.24861538 ... 0.1353587  0.13368122 0.11458457]
Blue Mood - Robert Munzinger,[0.09581214 0.12004663 0.13403454 ... 0.01041048 0.01058414 0.00863048]
Bonfire - An Jone,[0.0019975  0.00250557 0.00285744 ... 0.23844485 0.22524518 0.18773061]
Bonfire - An Jone,[0.4361268  0.49884695 0.5339623  ... 0.13259606 0.15138409 0.12611173]
Bonfire - An Jone,[0.41205588 0.48731777 0.5683618  ... 0.09780848 0.08718193 0.08133131]
Bop Walker - Freedom Trail Studio,"[2.53375129e-05 3.23301210e-05 3.80709025e-05 ... 1.48009449e-01
 1.45669535e-01 1.23017505e-01]"
Bop Walker - Freedom Trail Studio,[0.09526297 0.11463987 0.12835929 ... 0.09494965 0.09878388 0.08662499]
Born a Rockstar (Instrumental) - NEFFEX,"[2.8410852e-06 1.5613828e-02 2.2322450e-02 ... 3.3943236e-01 3.3501044e-01
 2.6316544e-01]"
Born a Rockstar (Instrumental) - NEFFEX,[0.22361065 0.2869436  0.31912556 ... 0.4480555  0.4186138  0.37106517]
Born a Rockstar (Instrumental) - NEFFEX,[0.32223147 0.38162303 0.4472321  ... 0.33376142 0.3328969  0.30669105]
Born a Rockstar - NEFFEX,[0.02274099 0.02670721 0.02992778 ... 0.3389134  0.33432177 0.29255956]
Born a Rockstar - NEFFEX,[0.24047472 0.2901091  0.33760634 ... 0.3920673  0.4247439  0.3556198 ]
Born a Rockstar - NEFFEX,[0.25873333 0.35392213 0.3807027  ... 0.31094024 0.30614683 0.26499656]
Break Your Lock and Key - Mini Vandals,"[1.8905857e-05 3.5274672e-05 4.5017568e-05 ... 2.7135712e-01 2.5472400e-01
 2.0909728e-01]"
Break Your Lock and Key - Mini Vandals,[0.18614486 0.2276442  0.25064757 ... 0.21363357 0.19950485 0.16375695]
Breatha - josh pan,[0.13333929 0.18206233 0.22123797 ... 0.3588754  0.36485568 0.30853254]
Breatha - josh pan,[0.27651456 0.3263943  0.4102741  ... 0.07462008 0.07557287 0.06788501]
Breatha - josh pan,[0.13451704 0.18829714 0.23538575 ... 0.029607   0.01783936 0.00147959]
Breeze - Telecasted,"[2.1895862e-04 2.4425212e-04 2.9296899e-04 ... 2.9490608e-01 3.0173621e-01
 2.4092063e-01]"
Breeze - Telecasted,[0.18695605 0.24511538 0.29559296 ... 0.24929991 0.23887213 0.20240025]
Broken Ladder - Jeremy Black,"[5.3005122e-05 6.7729343e-05 7.5203585e-05 ... 9.7801052e-03 3.8144220e-02
 3.7837829e-02]"
Broken Ladder - Jeremy Black,[0.19804347 0.25504547 0.27117175 ... 0.1475121  0.1495066  0.13671742]
Broken Ladder - Jeremy Black,[0.28337473 0.3441805  0.38798755 ... 0.09502502 0.09571728 0.08219449]
Broken Ladder - Jeremy Black,[0.23703632 0.285982   0.3076739  ... 0.1110809  0.12699048 0.11411686]
BSC State of Mind - Squadda B,[0.06391629 0.15958147 0.28518337 ... 0.01530339 0.0155648  0.01451782]
BSC State of Mind - Squadda B,[0.11394817 0.22483179 0.33702385 ... 0.00069749 0.00067416 0.00057321]
Built to Last (Instrumental) - NEFFEX,[0.         0.         0.         ... 0.14190872 0.141374   0.12541051]
Built to Last (Instrumental) - NEFFEX,[0.10133416 0.12384539 0.1449056  ... 0.13601717 0.13808887 0.12252934]
Burbank Late Nights - Squadda B,[0.04200379 0.19337262 0.3096531  ... 0.18991873 0.15802285 0.08945977]
Burbank Late Nights - Squadda B,[0.10713335 0.2293536  0.3347602  ... 0.19079505 0.15887365 0.08969937]
Busy City - TrackTribe,[0.04505086 0.05330563 0.05500657 ... 0.07473785 0.06617787 0.05835471]
Busy City - TrackTribe,[0.04323613 0.05073725 0.05616105 ... 0.07164687 0.07313649 0.06923827]
By the Fireplace - TrackTribe,[0.00029594 0.00092824 0.003668   ... 0.01074517 0.00948364 0.00788686]
By the Fireplace - TrackTribe,[0.01694813 0.02331762 0.02658055 ... 0.03202184 0.0314289  0.02656269]
By the Fireplace - TrackTribe,[0.02224301 0.02842854 0.03640306 ... 0.0137258  0.01479078 0.01287268]
By the Fireplace - TrackTribe,[0.01658016 0.0194119  0.02113079 ... 0.02053232 0.02007722 0.01708213]
Campfire - Telecasted,"[1.47781057e-05 2.44259809e-05 3.61784005e-05 ... 1.22606531e-01
 1.29938141e-01 1.03447214e-01]"
Cattle - Telecasted,"[5.3947966e-05 6.6072498e-05 7.6293945e-05 ... 2.6042074e-01 2.4129905e-01
 1.9400582e-01]"
"Chasing the Dragons - Joel Cummins, Kris Myers, Andy Farag","[1.6400703e-05 2.0373283e-05 2.4149813e-05 ... 2.0460929e-01 1.7570566e-01
 1.4635909e-01]"
Chocolate Cookie Jam - An Jone,"[8.9652995e-06 1.1065294e-05 1.2988890e-05 ... 1.3926645e-01 1.4009516e-01
 1.2704040e-01]"
Chocolate Cookie Jam - An Jone,[0.11259353 0.13906984 0.15972356 ... 0.04740888 0.05803373 0.05739879]
Chocolate Cookie Jam - An Jone,[0.20403333 0.2870268  0.3215585  ... 0.13787621 0.11847181 0.08972633]
Clean and Dance - An Jone,"[9.0724461e-06 1.1003476e-05 1.2629435e-05 ... 2.4163364e-03 2.2258705e-03
 1.7082532e-03]"
Clean and Dance - An Jone,[0.34682757 0.38680133 0.4531429  ... 0.14187334 0.13712998 0.116335  ]
Clean and Dance - An Jone,[0.32563308 0.3592663  0.40968096 ... 0.13481972 0.1250922  0.11821192]
Commander Impulse - DivKid,[0.0328724  0.03407468 0.03588798 ... 0.27268416 0.27351722 0.23291907]
Commander Impulse - DivKid,[0.16999505 0.20695212 0.25444928 ... 0.1774932  0.1712171  0.15014477]
Commander Impulse - DivKid,[0.14948429 0.18294643 0.21437022 ... 0.00067635 0.00067146 0.00057201]
Cosmic Drift - DivKid,[0.1774505  0.2358817  0.2786776  ... 0.17812039 0.17433496 0.16061631]
Cosmic Drift - DivKid,[0.11750469 0.1272087  0.13570707 ... 0.11809787 0.12149093 0.10356293]
County Lines - Telecasted,"[8.9906884e-05 1.0990243e-04 1.4838258e-04 ... 2.4312079e-01 2.5096244e-01
 2.1680792e-01]"
County Lines - Telecasted,[0.16224019 0.2067087  0.24366766 ... 0.17137533 0.18801086 0.16688181]
Crops - Telecasted,"[6.8919879e-05 7.7385106e-05 8.7722488e-05 ... 3.5809177e-01 3.5270885e-01
 3.0840087e-01]"
Crops - Telecasted,[0.2544629  0.28678554 0.34530336 ... 0.2639425  0.2422526  0.21090099]
Cumbia City - An Jone,"[8.61611898e-06 1.03760030e-05 1.20159175e-05 ... 5.80291972e-02
 9.11521167e-02 8.79196078e-02]"
Dead Forest - Brian Bolger,[0.03959453 0.06878095 0.07558254 ... 0.12631233 0.13921623 0.12827735]
Dead Forest - Brian Bolger,[0.09131019 0.13248713 0.14511089 ... 0.05835463 0.05002403 0.04684388]
Depth Fuse - French Fuse,[0.         0.         0.         ... 0.21989168 0.1711199  0.12317758]
Der König - Jeremy Black,[0.0028927  0.00342191 0.00402045 ... 0.02450793 0.02469171 0.02201134]
Der König - Jeremy Black,[0.06402017 0.07690556 0.08545145 ... 0.15994062 0.1628206  0.13971987]
Der König - Jeremy Black,[0.12934619 0.16747917 0.20697907 ... 0.0254718  0.02239493 0.01764969]
Digifunk - DivKid,[0.01297435 0.01391038 0.01480563 ... 0.12761788 0.12318932 0.10696724]
Digifunk - DivKid,[0.09620467 0.11229898 0.1244947  ... 0.10650819 0.09594341 0.07682236]
Digifunk - DivKid,[0.16830681 0.22806184 0.26424518 ... 0.03741596 0.03913096 0.03252677]
Digital Ghosts - Unicorn Heads,[0.24835907 0.30590335 0.36302382 ... 0.09405547 0.0956979  0.08688788]
Digital Ghosts - Unicorn Heads,[0.2832327  0.30001035 0.30991882 ... 0.06317016 0.0667619  0.05960897]
Digital Ghosts - Unicorn Heads,[0.08124255 0.0957777  0.10484513 ... 0.0778664  0.07744007 0.06766488]
Digital Ghosts - Unicorn Heads,[0.06704174 0.08063301 0.08897889 ... 0.06496181 0.07302476 0.06390798]
Digital Ghosts - Unicorn Heads,[0.0537869  0.06762455 0.07808778 ... 0.13944155 0.14576598 0.12729026]
Digital Ghosts - Unicorn Heads,[0.10293626 0.13014044 0.1437544  ... 0.20999959 0.20242348 0.17879903]
Digital Ghosts - Unicorn Heads,[0.09818085 0.11247298 0.12388431 ... 0.08568148 0.08648972 0.0715353 ]
Disco Climax - An Jone,[0.00218834 0.00245718 0.00265929 ... 0.00545019 0.0117343  0.0114159 ]
Disco Climax - An Jone,[0.22489278 0.34443727 0.4224475  ... 0.09037517 0.08752527 0.0755479 ]
Disco Climax - An Jone,[0.21936557 0.3041317  0.39821976 ... 0.16424991 0.1634449  0.14112478]
Don't Wanna Let Myself Down (Instrumental) - NEFFEX,"[3.9752322e-06 7.1643335e-03 3.2464892e-02 ... 2.3415203e-01 2.2532384e-01
 1.7489584e-01]"
Don't Wanna Let Myself Down (Instrumental) - NEFFEX,[0.10035314 0.15022308 0.19209921 ... 0.24739017 0.20484501 0.18484756]
Don't Wanna Let Myself Down - NEFFEX,[0.02460735 0.03342644 0.04235032 ... 0.2043875  0.1881852  0.1503855 ]
Don't Wanna Let Myself Down - NEFFEX,[0.15846463 0.19318232 0.22489236 ... 0.21587859 0.18226257 0.15552181]
Down With Your Getup - Mini Vandals,[0.00019504 0.00025408 0.00032014 ... 0.06549526 0.18867259 0.18596092]
Down With Your Getup - Mini Vandals,[0.29988638 0.33934188 0.38930082 ... 0.18272713 0.17331865 0.14218235]
Dragón Rojo - Mini Vandals,[0.05680443 0.12208677 0.17042431 ... 0.09720122 0.09762032 0.08097325]
Dragón Rojo - The Mini Vandals,[0.05680443 0.12208677 0.17042431 ... 0.09720122 0.09762032 0.08097325]
Dreaming On (Instrumental) - NEFFEX,"[1.7816106e-05 2.0992573e-02 4.2059537e-02 ... 3.1609160e-01 3.1438905e-01
 2.6012740e-01]"
Dreaming On (Instrumental) - NEFFEX,[0.17699178 0.27066565 0.34202108 ... 0.31262046 0.3023535  0.2659195 ]
Dreaming On - NEFFEX,[0.04352626 0.05805483 0.07150504 ... 0.27992386 0.24812762 0.20701678]
Dreaming On - NEFFEX,[0.30460975 0.3605733  0.4039303  ... 0.29282004 0.29747847 0.26660374]
Drifting at 432 Hz - Unicorn Heads,"[8.62047236e-05 1.05049294e-04 1.41801138e-04 ... 6.58688992e-02
 6.86119571e-02 6.29793704e-02]"
Drifting at 432 Hz - Unicorn Heads,[0.04821374 0.05983074 0.07274264 ... 0.06433605 0.0669021  0.06194429]
Drifting at 432 Hz - Unicorn Heads,[0.07424936 0.09445717 0.11513297 ... 0.14278932 0.15963386 0.13254496]
Drifting at 432 Hz - Unicorn Heads,[0.07762457 0.0917195  0.10540205 ... 0.05277627 0.05752537 0.05197243]
Drifting at 432 Hz - Unicorn Heads,[0.05787835 0.07031019 0.09154493 ... 0.02072927 0.01842168 0.01503753]
Drifting at 432 Hz - Unicorn Heads,[0.02473676 0.03068456 0.03378652 ... 0.05644919 0.05760488 0.05308785]
Drifting at 432 Hz - Unicorn Heads,[0.06204196 0.07495964 0.08164134 ... 0.07956981 0.07329537 0.05973775]
Drifting at 432 Hz - Unicorn Heads,[0.08619253 0.09983397 0.10896453 ... 0.10956991 0.11041594 0.09389492]
Drifting at 432 Hz - Unicorn Heads,[0.11984491 0.13693912 0.15703249 ... 0.09763299 0.08479641 0.06864883]
Drifting at 432 Hz - Unicorn Heads,[0.09827355 0.11443616 0.13517107 ... 0.06682408 0.05841456 0.0500867 ]
Drifting at 432 Hz - Unicorn Heads,[0.07263701 0.08664686 0.09229787 ... 0.04010846 0.03849689 0.03141161]
Drifting at 432 Hz - Unicorn Heads,[0.03446251 0.03715969 0.04233312 ... 0.07170708 0.06878708 0.06099062]
Drifting at 432 Hz - Unicorn Heads,[0.04542175 0.05887228 0.0704954  ... 0.08577958 0.08335366 0.07431009]
Drifting at 432 Hz - Unicorn Heads,[0.04911814 0.06229945 0.07245932 ... 0.06299736 0.06179031 0.05338326]
Drifting at 432 Hz - Unicorn Heads,[0.03775654 0.05084767 0.0596787  ... 0.05826563 0.05954311 0.05325169]
Drifting at 432 Hz - Unicorn Heads,[0.04306705 0.05347962 0.06406119 ... 0.         0.         0.        ]
Drifting at 432 Hz - Unicorn Heads,[0.05983826 0.07306146 0.08585614 ... 0.09399418 0.09767099 0.08532859]
Drifting at 432 Hz - Unicorn Heads,[0.06859311 0.0855661  0.09752676 ... 0.09374427 0.10204049 0.08794648]
Drifting at 432 Hz - Unicorn Heads,[0.07508773 0.09543531 0.11048544 ... 0.1388401  0.14011313 0.127886  ]
Drifting at 432 Hz - Unicorn Heads,[0.09184935 0.10692743 0.12299448 ... 0.07345758 0.07420272 0.06622396]
Drifting at 432 Hz - Unicorn Heads,[0.04848468 0.05835273 0.06709217 ... 0.11445064 0.10935184 0.09199616]
Drifting at 432 Hz - Unicorn Heads,[0.06405684 0.08153122 0.09683587 ... 0.06474109 0.07038829 0.06379741]
Drifting at 432 Hz - Unicorn Heads,[0.06894175 0.08413028 0.0980644  ... 0.15287249 0.13743916 0.10525051]
Duh Fuse - French Fuse,"[0.0000000e+00 9.5367432e-07 3.5858981e-02 ... 1.6065636e-01 1.5845479e-01
 1.3786209e-01]"
Dulce Reggaeton - An Jone,"[1.6366008e-05 2.0261372e-05 2.6349298e-05 ... 3.8181466e-01 5.2476370e-01
 5.1295018e-01]"
Dulce Reggaeton - An Jone,[0.29449967 0.32295197 0.4173852  ... 0.38072866 0.4988414  0.49508932]
Dulce Reggaeton - An Jone,[0.37305447 0.4023086  0.509281   ... 0.4023148  0.49916464 0.4969541 ]
Dusty Rhymes - Freedom Trail Studio,"[2.5951509e-05 3.3707362e-05 3.9969080e-05 ... 2.0106572e-01 1.9880290e-01
 1.7180079e-01]"
Dusty Rhymes - Freedom Trail Studio,[0.22629754 0.25484735 0.28302217 ... 0.33430618 0.29395622 0.25023365]
Early Avril - Unicorn Heads,[0.         0.         0.         ... 0.02369266 0.0243857  0.02192886]
Early Avril - Unicorn Heads,[0.01937182 0.02363888 0.03189606 ... 0.0275817  0.02455193 0.02063408]
Early Avril - Unicorn Heads,[0.06278173 0.0994096  0.11284118 ... 0.03163497 0.0321948  0.02836802]
Early Avril - Unicorn Heads,[0.0399328  0.053785   0.06097487 ... 0.13123128 0.13231786 0.11599357]
Early Avril - Unicorn Heads,[0.10711517 0.14222449 0.15807275 ... 0.13491443 0.12923244 0.10409252]
Early Avril - Unicorn Heads,[0.08805053 0.10710903 0.12323736 ... 0.22253631 0.21893954 0.18161419]
Early Avril - Unicorn Heads,[0.16127746 0.1961675  0.21732609 ... 0.15223457 0.15433499 0.13058354]
Early Avril - Unicorn Heads,[0.10032552 0.12590347 0.15051335 ... 0.05557756 0.06072225 0.04873231]
Early Oceans - Freedom Trail Studio,"[2.4648376e-05 3.1005417e-05 3.5621044e-05 ... 2.6840025e-01 2.5362617e-01
 2.3631257e-01]"
Early Oceans - Freedom Trail Studio,[0.15740791 0.20580871 0.23430304 ... 0.30957696 0.28838038 0.23290099]
Earth Appears - Brian Bolger,[0.         0.         0.         ... 0.11386807 0.10877743 0.09899389]
Earth Appears - Brian Bolger,[0.06828706 0.08856047 0.10550535 ... 0.17246501 0.16952275 0.15144496]
El Secreto - Yung Logos,"[6.7669731e-05 8.5674248e-05 1.0136968e-04 ... 4.6526554e-01 4.6343297e-01
 4.0213946e-01]"
El Secreto - Yung Logos,[0.32649314 0.4049698  0.46920285 ... 0.3080144  0.30068004 0.25273147]
El Secreto - Yung Logos,[0.43233535 0.508575   0.5769431  ... 0.48287866 0.47312993 0.40408078]
Enough - NEFFEX,[0.01160638 0.02737213 0.03994897 ... 0.31709266 0.29377356 0.25504535]
Enough - NEFFEX,[0.32162976 0.38660294 0.41758585 ... 0.3222121  0.32056227 0.28977457]
Erev Shel Shoshanim - E's Jammy Jams,[0.         0.         0.         ... 0.14093216 0.13943931 0.12033593]
Erev Shel Shoshanim - E's Jammy Jams,[0.10325008 0.12747382 0.14726977 ... 0.09578956 0.09173398 0.08451881]
Erev Shel Shoshanim - E's Jammy Jams,[0.07492094 0.08717473 0.10288013 ... 0.17221168 0.17478028 0.14946687]
Escapism - Yung Logos,[0.11652151 0.20276771 0.24056056 ... 0.1259567  0.14319865 0.1301922 ]
Escapism - Yung Logos,[0.19083296 0.26240203 0.30449697 ... 0.2765758  0.24851759 0.21298517]
Escapism - Yung Logos,[0.24164756 0.35609278 0.42361015 ... 0.06655336 0.06948263 0.05919354]
Escapism - Yung Logos,[0.20696133 0.3141883  0.37388638 ... 0.10676    0.10758629 0.0897593 ]
Everything Has a Beginning - Joel Cummins,"[1.7199220e-05 2.1433818e-05 2.4982808e-05 ... 2.9128000e-01 2.6363763e-01
 2.1205594e-01]"
Fat Man - Yung Logos,[0.02940936 0.07191721 0.08998348 ... 0.19429992 0.17240833 0.14420329]
Fingerprint - Mini Vandals,[0.00536663 0.01053642 0.01298419 ... 0.31328598 0.3568662  0.30712336]
Fingerprint - Mini Vandals,[0.22249901 0.29774293 0.31673473 ... 0.32749933 0.321423   0.21839282]
First Dream - Brian Bolger,[0.00054545 0.00076408 0.00097042 ... 0.08594348 0.0959539  0.08561932]
First Dream - Brian Bolger,[0.06391778 0.0805024  0.10227528 ... 0.0612507  0.06609967 0.05781995]
First Of 3 - Jeremy Black,[0.         0.         0.         ... 0.16611335 0.1279701  0.07451952]
First Of 3 - Jeremy Black,[0.11975962 0.14161165 0.1599162  ... 0.16597997 0.13536416 0.10237436]
First Of 3 - Jeremy Black,[0.18257865 0.21073733 0.23103803 ... 0.21018647 0.16255932 0.13766782]
Floating Home - Brian Bolger,[0.         0.         0.         ... 0.19894709 0.20835108 0.19419259]
Floating Home - Brian Bolger,[0.11239608 0.1586403  0.18800287 ... 0.10357867 0.09724972 0.0850145 ]
Foyf (Instrumental) - NEFFEX,"[3.3078995e-04 1.8116829e-01 2.2690837e-01 ... 3.4784758e-01 3.6316085e-01
 3.1784603e-01]"
Foyf (Instrumental) - NEFFEX,[0.2907541  0.38393804 0.4491479  ... 0.1377967  0.12736948 0.10065647]
Foyf - NEFFEX,[0.15798603 0.18419413 0.19944206 ... 0.38243118 0.39980832 0.35593507]
Foyf - NEFFEX,[0.33759177 0.42054927 0.4865852  ... 0.14114799 0.13415791 0.11382996]
Fractal of Light - Chris Haugen,[0.00263221 0.00688813 0.02502901 ... 0.16052108 0.16932647 0.15527187]
Fractal of Light - Chris Haugen,[0.10593534 0.11853295 0.1366535  ... 0.12473821 0.11725976 0.10284034]
Fractal of Light - Chris Haugen,[0.08952207 0.12022436 0.12931615 ... 0.04161321 0.03968365 0.03267159]
Frailach 1 - E's Jammy Jams,[0.00517119 0.01407913 0.01928678 ... 0.1895851  0.18750541 0.16597068]
Frailach 1 - E's Jammy Jams,[0.12993601 0.16629013 0.19284226 ... 0.10050122 0.11093261 0.10196251]
Frailach 1 - E's Jammy Jams,[0.09097934 0.11501699 0.13301222 ... 0.19611755 0.20260946 0.17777441]
Frailach 1 - E's Jammy Jams,[0.13336165 0.16542335 0.18672356 ... 0.229416   0.22667821 0.19791764]
Frailach 2 - E's Jammy Jams,[0.00050345 0.0007076  0.10465513 ... 0.08191329 0.06801825 0.05428454]
Frailach 2 - E's Jammy Jams,[0.05757818 0.07168967 0.09996555 ... 0.18678044 0.17849429 0.15400593]
Frailach 2 - E's Jammy Jams,[0.10550542 0.1306867  0.17172664 ... 0.12360229 0.09038495 0.0631911 ]
Free Me (Instrumental) - NEFFEX,"[0.0000000e+00 6.5464897e-05 2.3910828e-04 ... 5.3254437e-01 5.2566189e-01
 4.5646065e-01]"
Free Me (Instrumental) - NEFFEX,[0.28269255 0.3349684  0.38114166 ... 0.         0.         0.        ]
Free Me - NEFFEX,"[3.6838750e-04 7.8138839e-03 2.5868956e-02 ... 5.3431189e-01 4.9842769e-01
 3.7997407e-01]"
Free Me - NEFFEX,[0.30924731 0.37147835 0.4383895  ... 0.23541534 0.26744312 0.23101896]
Future Glider - Brian Bolger,"[3.6790698e-05 4.5100831e-05 5.0841889e-05 ... 1.8339832e-01 1.7288482e-01
 1.3828248e-01]"
Future Glider - Brian Bolger,[0.11160184 0.14235438 0.15747519 ... 0.17136264 0.17673343 0.15755957]
Get Through - NEFFEX,[0.02199297 0.02594706 0.02900505 ... 0.09752781 0.10328759 0.08966519]
Get Through - NEFFEX,[0.27451506 0.29908434 0.32112736 ... 0.3110433  0.33464783 0.28587288]
Get Through - NEFFEX,[0.22963151 0.28734094 0.34587738 ... 0.15877199 0.15543658 0.13277136]
Go Down Swinging (Instrumental) - NEFFEX,"[1.1665468e-05 2.1101728e-02 3.5817001e-02 ... 9.8591350e-02 9.4763450e-02
 7.6895893e-02]"
Go Down Swinging (Instrumental) - NEFFEX,[0.05625528 0.20210074 0.3242762  ... 0.09059804 0.08409978 0.07068057]
Go Down Swinging - NEFFEX,[0.03686308 0.04677258 0.06285011 ... 0.11574879 0.10918338 0.09904196]
Go Down Swinging - NEFFEX,[0.31370354 0.3860807  0.4573165  ... 0.10346229 0.10581563 0.09193202]
Go! - NEFFEX,[0.07540397 0.11266519 0.13289566 ... 0.1118871  0.1144954  0.10130654]
Go! - NEFFEX,[0.1621089  0.17368867 0.1909392  ... 0.10527826 0.12502891 0.11138276]
Good Day (Wake Up) - NEFFEX,[0.04523541 0.05829493 0.06990018 ... 0.41877913 0.42463833 0.3504953 ]
Good Day (Wake Up) - NEFFEX,[0.51909286 0.63312626 0.6847656  ... 0.27633363 0.26400965 0.2267764 ]
Good Days - Yung Logos,[0.23778628 0.31179684 0.38234434 ... 0.24256042 0.22127634 0.20352016]
Good Days - Yung Logos,[0.17186779 0.1865352  0.2381826  ... 0.21265605 0.22343136 0.19194685]
Good Gig In the Clouds - Joel Cummins,"[1.9944680e-05 2.9141735e-05 4.1698040e-05 ... 1.5641525e-01 1.5424347e-01
 1.3284202e-01]"
Good Gig In the Clouds - Joel Cummins,[0.08804131 0.1176802  0.14093637 ... 0.13439615 0.127668   0.10569037]
Gunpowder Tea - Mini Vandals,[0.00121113 0.0019895  0.00266152 ... 0.37726426 0.33651793 0.28100762]
Hannon - Jeremy Black,[0.08822747 0.12022778 0.16140093 ... 0.19391602 0.22459482 0.20745407]
Hannon - Jeremy Black,[0.1695569  0.22775039 0.26678714 ... 0.10494915 0.09836414 0.09243757]
Hannon - Jeremy Black,[0.04340217 0.12085291 0.16471428 ... 0.2303073  0.23155674 0.19334067]
Hava Nagila - E's Jammy Jams,"[2.56784665e-06 1.58328603e-05 1.26350598e-04 ... 1.43043011e-01
 1.30121112e-01 1.10686354e-01]"
Hava Nagila - E's Jammy Jams,[0.0833367  0.10107748 0.12304069 ... 0.19848832 0.19009349 0.15998396]
Hava Nagila - E's Jammy Jams,[0.11911999 0.14327584 0.16856301 ... 0.21491395 0.22355306 0.1925241 ]
Hava Nagila - E's Jammy Jams,[0.14290638 0.1642816  0.18698719 ... 0.30985835 0.34093562 0.3102389 ]
Heal You - Freedom Trail Studio,"[2.5288109e-05 3.1293745e-05 3.6435165e-05 ... 3.2987171e-01 3.1356767e-01
 2.6889879e-01]"
Heal You - Freedom Trail Studio,[0.21506034 0.24183904 0.274183   ... 0.03726799 0.03833379 0.03365752]
Hine Ma Tov - E's Jammy Jams,"[3.3378601e-06 3.8443841e-06 4.8158190e-06 ... 1.1389759e-01 1.1324687e-01
 9.8721772e-02]"
Hine Ma Tov - E's Jammy Jams,[0.08519262 0.1081572  0.12459689 ... 0.11255118 0.10506054 0.09267051]
Hine Ma Tov - E's Jammy Jams,[0.06490394 0.07558635 0.08607848 ... 0.10747283 0.10857686 0.09483705]
Hine Ma Tov - E's Jammy Jams,[0.07590378 0.09386405 0.10720987 ... 0.05471415 0.04979628 0.04276301]
Hine Ma Tov - E's Jammy Jams,[0.0328404  0.03737165 0.04288371 ... 0.26842916 0.25946158 0.21883085]
Housin - Yung Logos,[0.27833214 0.3425785  0.36453086 ... 0.07661685 0.08381055 0.07117321]
Housin - Yung Logos,[0.2662315  0.33855224 0.35883963 ... 0.07853476 0.08005232 0.07003994]
How's It Supposed to Feel (Clean) - NEFFEX,[0.0006759  0.0357233  0.04537012 ... 0.20628895 0.21672706 0.20595734]
How's It Supposed to Feel (Clean) - NEFFEX,[0.18330394 0.21801051 0.25539345 ... 0.309529   0.31869876 0.27214643]
How's It Supposed to Feel (Clean) - NEFFEX,[0.20459929 0.30786783 0.38393402 ... 0.3093695  0.30498353 0.2732083 ]
How's It Supposed to Feel (Instrumental) - NEFFEX,[0.00080622 0.04098082 0.04972718 ... 0.20234083 0.20842169 0.19803564]
How's It Supposed to Feel (Instrumental) - NEFFEX,[0.17882182 0.21409678 0.2566885  ... 0.27147874 0.28324467 0.25172728]
How's It Supposed to Feel (Instrumental) - NEFFEX,[0.1959558  0.29560852 0.37733093 ... 0.3461402  0.34466007 0.306518  ]
How's It Supposed to Feel - NEFFEX,[0.056443   0.06147996 0.06538038 ... 0.20533213 0.24054539 0.21629442]
How's It Supposed to Feel - NEFFEX,[0.17979737 0.20558907 0.22937848 ... 0.30203667 0.31012964 0.24770251]
How's It Supposed to Feel - NEFFEX,[0.30709976 0.40847573 0.48263824 ... 0.33118674 0.31618774 0.26360193]
Hustlin' (Instrumental) - NEFFEX,"[2.4079095e-06 3.8100753e-02 9.4570868e-02 ... 4.1663414e-01 4.4648528e-01
 3.7895811e-01]"
Hustlin' (Instrumental) - NEFFEX,[0.3027417  0.39546165 0.47696045 ... 0.24927351 0.2072735  0.18082944]
Hustlin' - NEFFEX,[0.08772197 0.10374556 0.12809682 ... 0.4318089  0.4301225  0.39019495]
Hustlin' - NEFFEX,[0.35593778 0.4403885  0.48934323 ... 0.2405001  0.2919895  0.26282698]
I Just Wanna Be Great (Instrumental) - NEFFEX,[0.00094284 0.3394854  0.48437998 ... 0.15441814 0.14627454 0.11977457]
I Just Wanna Be Great (Instrumental) - NEFFEX,[0.1131366  0.1378072  0.17437911 ... 0.05953196 0.05408373 0.04032316]
I Just Wanna Be Great (Instrumental) - NEFFEX,[0.02392565 0.3450119  0.46140772 ... 0.00407008 0.00384511 0.00340202]
I Just Wanna Be Great - NEFFEX,[0.48361692 0.6144431  0.70164907 ... 0.14520201 0.15009324 0.13719046]
I Just Wanna Be Great - NEFFEX,[0.13259792 0.18185998 0.20266141 ... 0.29134268 0.2900213  0.28129426]
I Just Wanna Be Great - NEFFEX,[0.44631302 0.5750036  0.6643058  ... 0.00400444 0.0041628  0.00381064]
Icelandic Arpeggios - DivKid,[0.00553379 0.00571658 0.00585205 ... 0.05624301 0.05953414 0.05261355]
Icelandic Arpeggios - DivKid,[0.14548066 0.16097441 0.17819901 ... 0.06361602 0.06067166 0.05356329]
Immortal - NEFFEX,[0.2126831  0.28007877 0.32379684 ... 0.19237697 0.18306343 0.14927651]
Immortal - NEFFEX,[0.16880712 0.24027446 0.29725507 ... 0.12280021 0.11755237 0.09615649]
Immortal - NEFFEX,[0.31647184 0.429568   0.47702542 ... 0.25255564 0.24694107 0.20593385]
In Five Straight Rows - Mini Vandals,"[1.2874603e-05 1.5750069e-05 1.8247980e-05 ... 3.7636733e-01 3.6861929e-01
 3.2610774e-01]"
In Five Straight Rows - Mini Vandals,[0.21710157 0.27952    0.3223906  ... 0.24629614 0.24608447 0.22478212]
In Five Straight Rows - Mini Vandals,[0.36985236 0.41186816 0.44547167 ... 0.10690347 0.09769469 0.08228831]
In Memory of Jean Talon - Mini Vandals,"[6.28050839e-05 1.02919534e-04 1.73196619e-04 ... 8.57174769e-02
 8.49992558e-02 7.36950487e-02]"
In Memory of Jean Talon - The Mini Vandals,"[6.28050839e-05 1.02919534e-04 1.73196619e-04 ... 8.57174769e-02
 8.49992558e-02 7.36950487e-02]"
India Fuse - French Fuse,[0.         0.         0.         ... 0.12262929 0.11679012 0.09651276]
Inspired (Clean) - NEFFEX,"[8.2590617e-07 8.5007580e-04 2.1534285e-02 ... 1.6211525e-01 1.6009365e-01
 1.3724422e-01]"
Inspired (Instrumental) - NEFFEX,"[1.8157418e-06 8.6549838e-04 2.1551002e-02 ... 8.3434083e-02 8.5716955e-02
 7.5523347e-02]"
Inspired - NEFFEX,[0.02197242 0.04023309 0.05095454 ... 0.14159843 0.12327672 0.09631063]
Intellect - Yung Logos,[0.20205237 0.27453542 0.2979217  ... 0.19504333 0.18823032 0.16219336]
Islabonita - An Jone,[0.00045303 0.00058927 0.00077302 ... 0.16325852 0.143414   0.12682287]
Islabonita - An Jone,[0.11615839 0.13042453 0.14784175 ... 0.15151887 0.14450376 0.11719115]
Island Dream - Chris Haugen,[0.         0.         0.         ... 0.21764798 0.1972126  0.17117226]
Island Dream - Chris Haugen,[0.1663863  0.19291882 0.22461732 ... 0.16296063 0.15029307 0.12992844]
It's Only Worth It If You Work For It (Clean) - NEFFEX,"[3.9609067e-06 2.8296925e-02 6.3561954e-02 ... 2.3581460e-01 2.5076520e-01
 2.2167777e-01]"
It's Only Worth It If You Work For It (Clean) - NEFFEX,[0.15820323 0.22151025 0.27310368 ... 0.4276865  0.43613186 0.38183355]
It's Only Worth It If You Work For It (Clean) - NEFFEX,[0.31449184 0.39878255 0.45578083 ... 0.38035366 0.355775   0.30978712]
It's Only Worth It if You Work for It (Instrumental) - NEFFEX,"[5.3630934e-06 2.8419772e-02 6.3419238e-02 ... 2.4116696e-01 2.3545626e-01
 1.9278048e-01]"
It's Only Worth It if You Work for It (Instrumental) - NEFFEX,[0.18334919 0.22588873 0.26920527 ... 0.4628976  0.45485944 0.38935894]
It's Only Worth It if You Work for It (Instrumental) - NEFFEX,[0.3213475  0.37741825 0.440815   ... 0.37146994 0.38196844 0.30513835]
IU (아이유) - The Red Shoes (분홍신),[0.         0.         0.         ... 0.38782778 0.3692785  0.31210995]
IU (아이유) - The Red Shoes (분홍신),[0.23064972 0.26828948 0.29336518 ... 0.43812135 0.43732348 0.36770505]
IU (아이유) - The Red Shoes (분홍신),[0.27659535 0.3307008  0.38351226 ... 0.40811843 0.3410911  0.24906978]
IU (아이유) - The Red Shoes (분홍신),[0.20251013 0.23517698 0.26029593 ... 0.29063126 0.26571694 0.23837678]
Just Breathing - NEFFEX,[0.00324105 0.00772082 0.0120856  ... 0.25147966 0.23859952 0.1911339 ]
Just Breathing - NEFFEX,[0.31917045 0.468956   0.55438006 ... 0.19011457 0.18583089 0.15488127]
Just Breathing - NEFFEX,[0.3293196  0.4621557  0.54967934 ... 0.3305936  0.31100744 0.26467428]
Kind of a Party - Mini Vandals,"[3.0872546e-04 1.6562901e-03 3.0575357e-03 ... 3.0888376e-01 2.9748407e-01
 2.3837136e-01]"
Kind of a Party - Mini Vandals,[0.17450352 0.22489044 0.26356304 ... 0.35212702 0.3274751  0.30176377]
Lobe - Mini Vandals,"[8.0288672e-05 1.4856098e-04 2.2657317e-04 ... 3.2526281e-01 3.1404212e-01
 2.5519797e-01]"
Lobe - The Mini Vandals,"[8.0288672e-05 1.4856098e-04 2.2657317e-04 ... 3.2526281e-01 3.1404212e-01
 2.5519797e-01]"
Looping Ascent - Joel Cummins,"[1.7675164e-05 2.1507945e-05 2.4696759e-05 ... 2.1315245e-01 1.9848473e-01
 1.4593750e-01]"
Looping Ascent - Joel Cummins,[0.15503135 0.19114822 0.22685885 ... 0.19175713 0.18365873 0.16394891]
Los Bilibicos - E's Jammy Jams,[0.00039636 0.00047816 0.00059587 ... 0.17615213 0.17326862 0.14669235]
Los Bilibicos - E's Jammy Jams,[0.11327528 0.13467939 0.15357876 ... 0.05136018 0.04318931 0.03471067]
Los Bilibicos - E's Jammy Jams,[0.01380356 0.01542685 0.01788663 ... 0.21309878 0.2056165  0.1718914 ]
Love the Messenger - Freedom Trail Studio,"[2.5846157e-05 3.1281026e-05 3.6115496e-05 ... 1.9066316e-01 1.9191466e-01
 1.6889180e-01]"
Love the Messenger - Freedom Trail Studio,[0.13160439 0.16090941 0.1914929  ... 0.26085627 0.2569545  0.22549285]
Manifest It (Instrumental) - NEFFEX,"[7.3582167e-05 5.9345305e-02 7.9722553e-02 ... 3.0430800e-01 2.9813612e-01
 2.3184483e-01]"
Manifest It (Instrumental) - NEFFEX,[0.20409986 0.27587208 0.37768713 ... 0.28404757 0.26120117 0.214656  ]
Manifest It (Instrumental) - NEFFEX,[0.21093436 0.21734753 0.24153768 ... 0.52863884 0.5055432  0.45179817]
Manifest It - NEFFEX,[0.08057983 0.08268254 0.08399551 ... 0.3734951  0.33848462 0.29950652]
Manifest It - NEFFEX,[0.30512813 0.3442923  0.4125459  ... 0.32582963 0.35274103 0.26668102]
Manifest It - NEFFEX,[0.15477046 0.22485074 0.2362569  ... 0.4843653  0.50135994 0.43246967]
Metaheuristic - Freedom Trail Studio,"[2.6717778e-05 3.2822194e-05 3.7828246e-05 ... 9.6843459e-02 9.9771321e-02
 8.7612182e-02]"
Metaheuristic - Freedom Trail Studio,[0.05383984 0.0701318  0.0815622  ... 0.22768572 0.2304711  0.20014046]
Metro - Yung Logos,[0.06856798 0.11062646 0.16723797 ... 0.22816005 0.22562584 0.196895  ]
Mi Dispiace - Mini Vandals,[0.         0.         0.         ... 0.09318403 0.08259258 0.06353409]
Mi Dispiace - Mini Vandals,[0.03186852 0.06415161 0.11879554 ... 0.05421412 0.05010672 0.04081456]
Mi Dispiace - The Mini Vandals,[0.         0.         0.         ... 0.09318403 0.08259258 0.06353409]
Mi Dispiace - The Mini Vandals,[0.03186852 0.06415161 0.11879554 ... 0.05421412 0.05010672 0.04081456]
Modern Attempt - TrackTribe,[0.04033945 0.04893171 0.05131194 ... 0.17596371 0.22178131 0.21690574]
Modern Attempt - TrackTribe,[0.17071223 0.20387617 0.22075182 ... 0.00954624 0.00949448 0.00821925]
Modern Time - An Jone,"[1.4435649e-05 1.8104120e-05 2.1032249e-05 ... 1.5321623e-02 1.4979889e-02
 1.3119179e-02]"
Modern Time - An Jone,[0.40171775 0.48369142 0.54968995 ... 0.15660034 0.15057611 0.13220228]
Music Box - Brian Bolger,"[6.1939296e-05 7.8531331e-05 8.6370732e-05 ... 1.6388437e-01 1.6125439e-01
 1.3942207e-01]"
Music Box - Brian Bolger,[0.11406427 0.1369308  0.15692697 ... 0.17036735 0.17005551 0.14617069]
Natural Light - Chris Haugen,[0.01928175 0.04376473 0.06106396 ... 0.13257143 0.12659115 0.10870471]
Natural Light - Chris Haugen,[0.09127632 0.1049528  0.12164047 ... 0.06714165 0.06829941 0.06100831]
Natural Light - Chris Haugen,[0.05131573 0.05637712 0.06145556 ... 0.1282397  0.1286734  0.11037837]
Natural Light - Chris Haugen,"[9.2568420e-02 1.1161272e-01 1.2736647e-01 ... 1.9141909e-05 1.9709591e-05
 1.7225639e-05]"
Nekta - Here's Us (320  kbps) (savefrom.kr),[0.         0.         0.         ... 0.15256229 0.14096229 0.12307096]
Nekta - Here's Us (320  kbps) (savefrom.kr),[0.1133483  0.13121077 0.14893706 ... 0.00597469 0.0059277  0.00515838]
Night Run Away - An Jone,[0.00430456 0.00482983 0.00497482 ... 0.04266717 0.0378134  0.03164698]
Night Run Away - An Jone,[0.03505176 0.03896865 0.04176606 ... 0.15025146 0.15068367 0.13112201]
Nine Lives - Unicorn Heads,[0.14810723 0.19096157 0.22955714 ... 0.19649263 0.16773796 0.12915225]
Nine Lives - Unicorn Heads,[0.09863167 0.11806945 0.1350613  ... 0.11738648 0.10725477 0.09109984]
Nine Lives - Unicorn Heads,[0.2280043  0.28015938 0.3359859  ... 0.17343606 0.17253731 0.13354449]
Nine Lives - Unicorn Heads,[0.18755339 0.24431762 0.28226534 ... 0.11350141 0.10923274 0.09273612]
Nine Lives - Unicorn Heads,[0.17850496 0.22870672 0.25401068 ... 0.13921832 0.12420274 0.10325455]
Nineties Pad - Brian Bolger,"[2.9394216e-06 7.5016656e-06 1.2199020e-05 ... 1.4732324e-01 1.5153180e-01
 1.3079886e-01]"
No Doubt - Yung Logos,[0.27377343 0.341081   0.38009426 ... 0.33741534 0.3435879  0.3019445 ]
No Filter - NEFFEX,[0.00552069 0.01276379 0.03225392 ... 0.3062216  0.30110267 0.24319085]
No Filter - NEFFEX,[0.3349456  0.41291392 0.4608369  ... 0.3395201  0.34222496 0.29539678]
No Turning Back (Clean) - NEFFEX,[0.         0.00562397 0.02672865 ... 0.2940162  0.2845904  0.24122337]
No Turning Back (Clean) - NEFFEX,[0.21212319 0.35019544 0.46257243 ... 0.25905806 0.2691569  0.24455924]
No Turning Back (Instrumental) - NEFFEX (1),[0.         0.00564122 0.02671421 ... 0.3056319  0.29405943 0.24994089]
No Turning Back (Instrumental) - NEFFEX (1),[0.21993765 0.36275327 0.46854696 ... 0.24086529 0.25749072 0.23797694]
No Turning Back (Instrumental) - NEFFEX,[0.         0.00564122 0.02671421 ... 0.3056319  0.29405943 0.24994089]
No Turning Back (Instrumental) - NEFFEX,[0.21993765 0.36275327 0.46854696 ... 0.24086529 0.25749072 0.23797694]
No Turning Back - NEFFEX,[0.02746483 0.05733649 0.08220834 ... 0.29716933 0.29799777 0.25660628]
No Turning Back - NEFFEX,[0.42639083 0.5030921  0.5861238  ... 0.28956768 0.27405506 0.22150014]
North Oakland Extasy - Squadda B,[0.0506802  0.13786975 0.19186209 ... 0.05773683 0.05742324 0.05167171]
North Oakland Extasy - Squadda B,[0.0919477  0.13143902 0.16105443 ... 0.33785406 0.34342715 0.30098736]
North Oakland Extasy - Squadda B,"[2.6241565e-01 3.0975094e-01 3.4873477e-01 ... 5.4674305e-04 3.9433784e-04
 2.4378064e-04]"
O Boy - Jeremy Black,[0.         0.         0.         ... 0.10543232 0.07708271 0.04757078]
O Boy - Jeremy Black,[0.1123431  0.12725128 0.14533561 ... 0.12803984 0.07732291 0.04624805]
O Boy - Jeremy Black,[0.10745347 0.12442458 0.14287058 ... 0.08654664 0.05677756 0.02881372]
O Boy - Jeremy Black,[0.09112517 0.10499965 0.11129636 ... 0.13427445 0.11874723 0.09364595]
Od Yishama - E's Jammy Jams,"[1.87730973e-06 3.28637338e-06 4.06012214e-06 ... 1.41350597e-01
 1.27857968e-01 1.03089005e-01]"
Od Yishama - E's Jammy Jams,[0.07309004 0.08574348 0.09377939 ... 0.20456083 0.19495946 0.17193037]
Od Yishama - E's Jammy Jams,[0.12261918 0.15088278 0.17621088 ... 0.2522118  0.2300567  0.19296019]
Oman Groomer - Mini Vandals,"[3.5842172e-06 4.4348421e-06 5.1467496e-06 ... 6.0499705e-02 6.3001461e-02
 4.9253680e-02]"
Oman Groomer - The Mini Vandals,"[3.5842172e-06 4.4348421e-06 5.1467496e-06 ... 6.0499705e-02 6.3001461e-02
 4.9253680e-02]"
One Time - Jeremy Black,[0.21243556 0.29678404 0.34355617 ... 0.08962708 0.08295433 0.06954659]
One Time - Jeremy Black,[0.06699241 0.08673983 0.11134874 ... 0.30187628 0.27445695 0.23323496]
One Time - Jeremy Black,[0.26402533 0.35742795 0.44470483 ... 0.44992048 0.33111474 0.2710644 ]
One Time - Jeremy Black,[0.27577475 0.34224796 0.38516983 ... 0.14387909 0.11030211 0.07820375]
One Time - Jeremy Black,[0.34675977 0.4188727  0.48895666 ... 0.42830592 0.40410653 0.3378652 ]
OSA Dress Code - Squadda B,[0.03584285 0.07944912 0.09539585 ... 0.14357226 0.13040146 0.1192798 ]
OSA Dress Code - Squadda B,[0.17656906 0.23377551 0.26435313 ... 0.19139168 0.17913522 0.1660627 ]
OSA Dress Code - Squadda B,[0.18415102 0.19686092 0.23844066 ... 0.00374924 0.0033594  0.00284878]
Out On My Skateboard - Mini Vandals,"[1.2892252e-05 1.5764499e-05 2.2816048e-05 ... 1.3900693e-01 1.5736172e-01
 1.2589841e-01]"
Out On My Skateboard - Mini Vandals,[0.2235822  0.2706517  0.30702206 ... 0.27571306 0.27676952 0.24240783]
Out On My Skateboard - Mini Vandals,[0.19132237 0.25826085 0.29126638 ... 0.26667145 0.2481002  0.21842508]
"Outside the Universe - Joel Cummins, Kris Myers, Andy Farag","[6.0803748e-05 1.0506011e-02 2.4992842e-02 ... 1.5665032e-01 1.4878988e-01
 1.2790641e-01]"
"Outside the Universe - Joel Cummins, Kris Myers, Andy Farag",[0.10847064 0.13513078 0.32915616 ... 0.18877755 0.17161588 0.14530484]
Pinions - Freedom Trail Studio,"[2.6523465e-05 3.2052892e-05 3.7106081e-05 ... 6.8135589e-02 6.6193417e-02
 5.7730459e-02]"
"Planetary Paths - Joel Cummins, Andy Farag",[0.00310461 0.00653588 0.00963487 ... 0.2723151  0.23093134 0.19519836]
"Planetary Paths - Joel Cummins, Andy Farag",[0.09186676 0.12288694 0.1480861  ... 0.16746843 0.14874837 0.13371061]
Play Dead - NEFFEX,"[1.4557207e-05 1.7713714e-05 2.0487358e-05 ... 1.1896108e-01 1.2597273e-01
 1.1627827e-01]"
Play Dead - NEFFEX,[0.20330799 0.27629066 0.34266838 ... 0.3055599  0.2683613  0.22480895]
Play Dead - NEFFEX,[0.20453535 0.27092996 0.32751933 ... 0.19426773 0.19471581 0.16815974]
Polaroid Memories - DivKid,[0.00306578 0.00338309 0.00385821 ... 0.17245692 0.17258401 0.15820037]
Polaroid Memories - DivKid,[0.12992653 0.17408413 0.20592633 ... 0.02729138 0.02594469 0.02223324]
Polymetric Juggling - DivKid,[0.03001545 0.04202383 0.05386537 ... 0.22840111 0.18948293 0.16664761]
Polymetric Juggling - DivKid,[0.26236546 0.28752476 0.33490676 ... 0.05505662 0.04619551 0.03551701]
Polymetric Juggling - DivKid,[0.31902635 0.35426277 0.39844736 ... 0.02311384 0.0203252  0.01394739]
Ponderous Days - Joel Cummins,"[1.8788231e-05 2.5202547e-05 3.2500222e-05 ... 1.5496531e-01 1.8640999e-01
 1.7219891e-01]"
Ponderous Days - Joel Cummins,[0.1682214  0.19445305 0.21509221 ... 0.03172356 0.030937   0.02793567]
Positive Fuse - French Fuse,"[0.0000000e+00 3.0157830e-06 5.8885043e-06 ... 2.8489503e-01 2.7146432e-01
 2.3500717e-01]"
Positive Fuse - French Fuse,[0.18629105 0.22802994 0.26363337 ... 0.05187142 0.05313569 0.04456614]
Press Fuse - French Fuse,[0.         0.         0.         ... 0.20088834 0.19135737 0.15797509]
Rain Fuse - French Fuse,[0.         0.00015618 0.03030335 ... 0.11083545 0.1078465  0.09347937]
Resolve - Joel Cummins,"[4.3726253e-05 6.2287050e-05 1.0804808e-04 ... 1.9369164e-01 1.7502180e-01
 1.5463522e-01]"
Resolve - Joel Cummins,[0.12015531 0.14220236 0.16058323 ... 0.05765996 0.05552176 0.04955917]
Retribution - NEFFEX,[0.01911842 0.0445693  0.06381866 ... 0.40045822 0.405219   0.34548128]
Retribution - NEFFEX,[0.39787555 0.4895     0.5484511  ... 0.3860547  0.34431767 0.3100192 ]
Rich in the 80s - DivKid,[0.0004122  0.00050965 0.00059855 ... 0.06962158 0.07867384 0.06215814]
Rich in the 80s - DivKid,[0.24014035 0.2773819  0.29894224 ... 0.06864243 0.06479608 0.05758579]
Rinse Repeat - DivKid,[0.0038343  0.00392311 0.00394963 ... 0.04079369 0.03915745 0.0335227 ]
Rinse Repeat - DivKid,[0.10333937 0.1433491  0.17780335 ... 0.08798189 0.08061259 0.06900866]
Robots and Aliens - Joel Cummins,"[1.3828278e-05 1.9049630e-05 2.4414341e-05 ... 1.7890210e-01 1.1624701e-01
 8.5456945e-02]"
Robots and Aliens - Joel Cummins,[0.0704323  0.0943289  0.11796521 ... 0.1787953  0.17909981 0.12151459]
Rooster - Telecasted,"[1.2420121e-04 1.4205146e-04 1.6822149e-04 ... 2.5403214e-01 2.5043675e-01
 2.1829249e-01]"
Rooster - Telecasted,[0.17279059 0.21086688 0.24803503 ... 0.20100848 0.19108681 0.1615346 ]
Running Errands - TrackTribe,[0.00015244 0.00024864 0.00032629 ... 0.06310552 0.0559666  0.04425694]
Running Errands - TrackTribe,[0.07781916 0.08924139 0.09570412 ... 0.10166932 0.10955292 0.09382845]
Running Errands - TrackTribe,[0.05284991 0.06866156 0.08351974 ... 0.16689222 0.11850993 0.09255302]
Running Errands - TrackTribe,[0.07834456 0.08896642 0.0992218  ... 0.07019617 0.05967346 0.04750385]
Sailing - Telecasted,"[1.7357954e-04 2.1103694e-04 2.4254846e-04 ... 1.8253116e-01 1.7953883e-01
 1.4525716e-01]"
Sailing - Telecasted,[0.11722402 0.13099135 0.1577852  ... 0.24359362 0.259708   0.22519796]
Seasons - Telecasted,[0.00073243 0.00086659 0.00096851 ... 0.43797773 0.36832777 0.32479605]
Seasons - Telecasted,[0.26692703 0.32727346 0.36803445 ... 0.14516778 0.13934125 0.12365825]
Shadoma - Mini Vandals,"[1.3270302e-05 1.8685081e-05 2.5229598e-05 ... 3.0106949e-02 2.8219542e-02
 2.4398377e-02]"
Shadoma - Mini Vandals,[0.02374052 0.03050059 0.03573718 ... 0.01220122 0.04401777 0.04348629]
Shadoma - The Mini Vandals,"[1.3270302e-05 1.8685081e-05 2.5229598e-05 ... 3.0106949e-02 2.8219542e-02
 2.4398377e-02]"
Shadoma - The Mini Vandals,[0.02374052 0.03050059 0.03573718 ... 0.01220122 0.04401777 0.04348629]
Shine On - Jeremy Black,[0.20687447 0.26329923 0.31847537 ... 0.06675711 0.06745028 0.05958412]
Shine On - Jeremy Black,[0.09773087 0.1219179  0.14186667 ... 0.12971085 0.12205445 0.10270675]
Six Seasons - Unicorn Heads,[0.08115241 0.10887326 0.1243772  ... 0.05054057 0.05558304 0.04702758]
Six Seasons - Unicorn Heads,[0.04027307 0.05567581 0.06615432 ... 0.13389331 0.13084902 0.11785038]
Six Seasons - Unicorn Heads,[0.2495222  0.31025416 0.35094953 ... 0.09110726 0.09127331 0.07296456]
Six Seasons - Unicorn Heads,[0.2565363  0.40152037 0.45915517 ... 0.0447118  0.044469   0.03631632]
Six Seasons - Unicorn Heads,[0.25405243 0.38597125 0.4447245  ... 0.07232863 0.07060279 0.0594979 ]
Six Seasons - Unicorn Heads,[0.23592766 0.2918567  0.3194936  ... 0.15039787 0.1483842  0.13361225]
Six Seasons - Unicorn Heads,[0.23663323 0.31963965 0.35161448 ... 0.10413575 0.09636249 0.08348275]
Smoke Jacket Blues - TrackTribe,[0.009521   0.01094965 0.0113997  ... 0.11515509 0.11668736 0.0966216 ]
Smoke Jacket Blues - TrackTribe,[0.05983787 0.06767859 0.07697042 ... 0.22325414 0.17451939 0.1361393 ]
Smokey's Lounge - TrackTribe,[0.03663447 0.04332085 0.04495579 ... 0.0986232  0.15184459 0.14866875]
Smokey's Lounge - TrackTribe,[0.1273604  0.16079952 0.18004109 ... 0.04328091 0.03760912 0.035166  ]
Smokey's Lounge - TrackTribe,[0.017467   0.01921225 0.02107588 ... 0.00305856 0.0031433  0.00266171]
Snowy Peaks pt I - Chris Haugen,[0.00275582 0.00673476 0.01066968 ... 0.1098363  0.10274525 0.08861259]
Snowy Peaks pt I - Chris Haugen,[0.0805952  0.11050258 0.14555791 ... 0.12591533 0.12346039 0.10532152]
Snowy Peaks pt II - Chris Haugen,[0.02631813 0.0966313  0.15651937 ... 0.1037485  0.10601226 0.08878461]
Something You Could Never Own (Clean) - NEFFEX,"[1.0710276e-05 2.6940273e-02 5.4037463e-02 ... 3.3591682e-01 3.4425610e-01
 2.9607174e-01]"
Something You Could Never Own (Clean) - NEFFEX,[0.22541128 0.31946006 0.36809003 ... 0.25201342 0.23410474 0.20460518]
Something You Could Never Own (Instrumental) - NEFFEX,"[5.6015683e-06 2.0783586e-02 4.1220769e-02 ... 3.3408815e-01 3.5117063e-01
 3.0308777e-01]"
Something You Could Never Own (Instrumental) - NEFFEX,[0.23815697 0.3328649  0.38256165 ... 0.28404355 0.2967986  0.24254249]
Something You Could Never Own - NEFFEX,[0.05282794 0.06871515 0.08361749 ... 0.33286554 0.34079328 0.3012417 ]
Something You Could Never Own - NEFFEX,[0.31666192 0.43537205 0.5385646  ... 0.21769731 0.24483669 0.22779231]
Somewhere Fuse - French Fuse,[0.00059363 0.00112186 0.01177061 ... 0.27268064 0.27135283 0.23278224]
Somewhere Fuse - French Fuse,[0.1742257  0.23081909 0.27121535 ... 0.2652175  0.26105157 0.21686536]
Soul Food - Chris Haugen,[0.16649748 0.26917836 0.3504185  ... 0.06691394 0.07473148 0.0693487 ]
Space Age Hustle - Squadda B,[0.01085897 0.01952927 0.02437298 ... 0.06509561 0.06288824 0.05367021]
Spanish Moss - Chris Haugen,[0.00022003 0.00033222 0.00045029 ... 0.10667098 0.1157006  0.09616844]
Spanish Moss - Chris Haugen,[0.07648823 0.0960369  0.11301359 ... 0.002726   0.00270296 0.0023155 ]
Squadda B TV - Squadda B,[0.00332513 0.00509488 0.00606306 ... 0.17451003 0.15149595 0.14655176]
Squadda B TV - Squadda B,[0.12742086 0.15477642 0.17428653 ... 0.2838695  0.23860395 0.222214  ]
Squadda B TV - Squadda B,"[1.9619620e-01 2.2254854e-01 2.6573357e-01 ... 5.2999760e-05 4.9978131e-05
 4.2525480e-05]"
Squadda Bambino Tumblr - Squadda B,[0.01497837 0.02316882 0.0300081  ... 0.35660544 0.35807037 0.31474555]
Squadda Bambino Tumblr - Squadda B,[0.2582828  0.29290527 0.306685   ... 0.39845946 0.3903193  0.33197856]
Squadda Bambino Tumblr - Squadda B,"[2.6345012e-01 3.2547224e-01 3.8164878e-01 ... 4.7912050e-05 4.7385955e-05
 4.0750750e-05]"
Statement (Clean) - NEFFEX,"[1.0544464e-05 9.0124598e-03 5.7135805e-02 ... 2.3996875e-01 2.3720537e-01
 2.2328831e-01]"
Statement (Clean) - NEFFEX,[0.16749118 0.23538098 0.30830485 ... 0.04136957 0.03782082 0.0293142 ]
Statement (Clean) - NEFFEX,[0.01757454 0.03122729 0.05056977 ... 0.13488786 0.14075041 0.12398984]
Statement - NEFFEX,[0.05901965 0.11693218 0.14670639 ... 0.25578034 0.24733512 0.20944631]
Statement - NEFFEX,[0.27093184 0.31557545 0.35918775 ... 0.02980223 0.02851267 0.02327978]
Statement - NEFFEX,[0.07578915 0.10258657 0.14771146 ... 0.13749725 0.13701202 0.11512168]
Stellar Wind - Unicorn Heads,[0.08417764 0.10799813 0.13159172 ... 0.07875624 0.08115854 0.07196337]
Stellar Wind - Unicorn Heads,[0.22041212 0.29623348 0.3234817  ... 0.11143726 0.11718774 0.09514349]
Stellar Wind - Unicorn Heads,[0.17730507 0.2430243  0.28807834 ... 0.08036504 0.0757923  0.06256145]
Stellar Wind - Unicorn Heads,[0.12733786 0.16459215 0.1946571  ... 0.09907907 0.0900152  0.07382064]
Stellar Wind - Unicorn Heads,[0.1890487  0.25412756 0.3042742  ... 0.17403047 0.15981072 0.13661928]
Stellar Wind - Unicorn Heads,[0.16886891 0.21372053 0.25466716 ... 0.09832419 0.09628684 0.08547979]
Stellar Wind - Unicorn Heads,[0.18866295 0.22843263 0.27993026 ... 0.04046665 0.0438924  0.03961924]
Straight Fuse - French Fuse,[0.         0.         0.         ... 0.19907738 0.19338475 0.16934505]
Sunshine - Telecasted,[0.         0.         0.         ... 0.2409841  0.23644492 0.21280527]
Sunshine - Telecasted,"[1.7568374e-01 2.5207961e-01 3.2700226e-01 ... 1.6083768e-04 1.4423161e-04
 1.1979531e-04]"
"Sweet Dreams, My Dear - 소향(SoHyang) MV ver. ",[0.         0.         0.         ... 0.14958607 0.14347072 0.11708149]
"Sweet Dreams, My Dear - 소향(SoHyang) MV ver. ",[0.0965369  0.1166025  0.13107483 ... 0.20064864 0.1974467  0.17009898]
"Sweet Dreams, My Dear - 소향(SoHyang) MV ver. ",[0.14763102 0.1795564  0.20546097 ... 0.00833833 0.00863554 0.00777589]
Switched on Carcassi - Brian Bolger,"[6.8168534e-05 8.6902837e-05 9.6265023e-05 ... 2.2924997e-01 2.3259269e-01
 2.0935771e-01]"
Take Me Back - NEFFEX,[0.00253522 0.01720505 0.04858408 ... 0.5493976  0.4958324  0.39401045]
Take Me Back - NEFFEX,[0.3594173  0.42105463 0.4851804  ... 0.50567967 0.47060117 0.38374048]
Take Me Back - NEFFEX,[0.35138395 0.41105416 0.47263896 ... 0.47284296 0.46620646 0.40213352]
Target Fuse - French Fuse,[0.         0.         0.         ... 0.1291438  0.13478214 0.11663002]
Target Fuse - French Fuse,[0.09904979 0.12159947 0.14339983 ... 0.01435036 0.01409201 0.01218882]
Tell Me That I Can't (Clean) - NEFFEX,"[5.0014514e-05 4.0981799e-02 6.1797414e-02 ... 3.1790650e-01 2.9988265e-01
 2.4977945e-01]"
Tell Me That I Can't (Clean) - NEFFEX,[0.24017064 0.29436666 0.3493545  ... 0.20147829 0.17721117 0.14076905]
Tell Me That I Can't (Instrumental) - NEFFEX (1),"[2.7887841e-05 2.6873058e-02 5.8945727e-02 ... 3.1455490e-01 2.8676483e-01
 2.4756804e-01]"
Tell Me That I Can't (Instrumental) - NEFFEX (1),[0.21507515 0.27407745 0.3243453  ... 0.17791319 0.15464328 0.13924639]
Tell Me That I Can't (Instrumental) - NEFFEX,"[2.7887841e-05 2.6873058e-02 5.8945727e-02 ... 3.1455490e-01 2.8676483e-01
 2.4756804e-01]"
Tell Me That I Can't (Instrumental) - NEFFEX,[0.21507515 0.27407745 0.3243453  ... 0.17791319 0.15464328 0.13924639]
Tell Me That I Can't - NEFFEX,[0.04466924 0.0669887  0.08479156 ... 0.2755557  0.3065498  0.25278088]
Tell Me That I Can't - NEFFEX,[0.2485504  0.3160702  0.3806353  ... 0.2239509  0.20890082 0.16878882]
Tempos Vari - Freedom Trail Studio,"[2.63859474e-05 3.19516475e-05 3.73838520e-05 ... 1.15716554e-01
 1.14293404e-01 9.80199352e-02]"
Tempos Vari - Freedom Trail Studio,[0.07752855 0.09468482 0.10770958 ... 0.06827518 0.06659983 0.05757792]
That's What It Takes (Clean) - NEFFEX,"[1.7620407e-05 1.7254740e-02 8.1998296e-02 ... 3.4099633e-01 3.3131242e-01
 2.7055180e-01]"
That's What It Takes (Clean) - NEFFEX,[0.19646776 0.32270032 0.38911575 ... 0.43312022 0.42141482 0.35767078]
That's What It Takes (Instrumental) - NEFFEX,"[1.0070186e-05 1.1225730e-02 5.9772421e-02 ... 2.9809961e-01 2.9924613e-01
 2.3958288e-01]"
That's What It Takes (Instrumental) - NEFFEX,[0.1725812  0.3004748  0.38506418 ... 0.43582726 0.4251769  0.3643022 ]
That's What It Takes - NEFFEX,[0.         0.         0.         ... 0.40958294 0.4161412  0.37093365]
That's What It Takes - NEFFEX,[0.31340483 0.36943102 0.42331183 ... 0.42915866 0.48406452 0.44665304]
The Empty Moons of Jupiter - DivKid,"[8.9703070e-05 1.9646270e-04 3.3871384e-04 ... 1.3982029e-01 1.4129582e-01
 1.2614922e-01]"
The Empty Moons of Jupiter - DivKid,[0.11488777 0.14014216 0.16309081 ... 0.147858   0.14218822 0.1186101 ]
The Empty Moons of Jupiter - DivKid,[0.09978815 0.12210917 0.14213781 ... 0.02711475 0.02585969 0.02101981]
The Gentlemen - DivKid,[0.0014264  0.00164637 0.00175113 ... 0.17512117 0.24215402 0.22768703]
The Gentlemen - DivKid,[0.25545907 0.29021254 0.32267806 ... 0.04740308 0.04423166 0.03835289]
The Gentlemen - DivKid,[0.02870573 0.03200888 0.03762347 ... 0.11413746 0.10989358 0.09054228]
The Itch (Instrumental) - NEFFEX,[0.         0.00024865 0.01084632 ... 0.23488565 0.23334116 0.19798458]
The Itch (Instrumental) - NEFFEX,[0.15893044 0.24547419 0.3294673  ... 0.0360488  0.03556516 0.03035543]
The Itch - NEFFEX,[0.02610804 0.03329774 0.04082962 ... 0.3269582  0.3199105  0.28891316]
The Itch - NEFFEX,[0.3122593  0.42804927 0.45456138 ... 0.22311053 0.20657827 0.17015924]
The Stoic and the Sailor - Unicorn Heads,"[1.1665468e-05 1.4843352e-05 1.7009792e-05 ... 2.4138277e-02 2.6947308e-02
 2.5010066e-02]"
The Stoic and the Sailor - Unicorn Heads,[0.20997131 0.27008072 0.32308936 ... 0.06914399 0.05885813 0.04485203]
The Stoic and the Sailor - Unicorn Heads,[0.20802237 0.2675421  0.33195803 ... 0.37660903 0.33253634 0.2609646 ]
The Stoic and the Sailor - Unicorn Heads,[0.2071997  0.26759994 0.3385088  ... 0.10194389 0.10050797 0.0901575 ]
The Stoic and the Sailor - Unicorn Heads,[0.0762103  0.09028884 0.10076856 ... 0.19788411 0.18106323 0.14286502]
The Stoic and the Sailor - Unicorn Heads,[0.20249459 0.27182725 0.33278075 ... 0.07733692 0.07834712 0.06930031]
The Thought of You - TrackTribe,"[9.4948082e-05 1.9536944e-04 2.2847865e-04 ... 2.0468710e-02 1.7717835e-02
 1.5845491e-02]"
The Thought of You - TrackTribe,[0.0141684  0.01882556 0.02149481 ... 0.0863132  0.08115564 0.06842291]
The Thought of You - TrackTribe,[0.04829041 0.05566284 0.05926659 ... 0.07334061 0.07190371 0.06096678]
The Thought of You - TrackTribe,[0.05128984 0.06122711 0.06775865 ... 0.02937301 0.03012755 0.02613347]
This is Not a Christmas Song - NEFFEX,[0.03594504 0.05348554 0.08399763 ... 0.27997944 0.2807361  0.22417635]
This is Not a Christmas Song - NEFFEX,[0.35629037 0.44686767 0.5156896  ... 0.14182553 0.11801453 0.0986785 ]
This is Not a Christmas Song - NEFFEX,[0.07563476 0.09752909 0.10961096 ... 0.09783164 0.10408814 0.08724196]
Thunder - Telecasted,"[0.000000e+00 0.000000e+00 5.672158e-06 ... 4.294766e-02 7.415828e-02
 7.240566e-02]"
Thunder - Telecasted,[0.11605733 0.14659588 0.16795243 ... 0.06234871 0.09270359 0.0897897 ]
Til I Hear'em Say (Instrumental) - NEFFEX,"[2.6750629e-04 3.8796954e-02 7.4916974e-02 ... 3.8141951e-01 3.9982620e-01
 3.2966104e-01]"
Til I Hear'em Say (Instrumental) - NEFFEX,[0.2661812  0.35194647 0.45550653 ... 0.15813029 0.1633494  0.15481022]
Til I Hear'em Say - NEFFEX,[0.08155856 0.10905465 0.12923363 ... 0.45093784 0.45085964 0.36491424]
Til I Hear'em Say - NEFFEX,[0.39104062 0.50300384 0.5846719  ... 0.21577454 0.24840836 0.21791112]
Till I Let Go (Instrumental) - NEFFEX,[0.         0.007729   0.05594656 ... 0.2681653  0.27136922 0.23194264]
Till I Let Go (Instrumental) - NEFFEX,[0.19324702 0.24985997 0.3203091  ... 0.21171643 0.2286188  0.18293773]
Till I Let Go (Instrumental) - NEFFEX,"[1.5985741e-01 1.9331805e-01 2.4261016e-01 ... 1.3501818e-04 1.2812465e-04
 1.0576545e-04]"
Till I Let Go - NEFFEX,[0.05759786 0.07497059 0.09337801 ... 0.26510933 0.2642799  0.22691567]
Till I Let Go - NEFFEX,[0.26326105 0.31398737 0.35590625 ... 0.26521492 0.2827148  0.24985884]
Till I Let Go - NEFFEX,"[1.9028921e-01 2.2735968e-01 2.6003554e-01 ... 1.1646595e-04 1.0560786e-04
 8.5757805e-05]"
Time to Spare - An Jone,"[7.42550446e-06 9.17214584e-06 1.07314845e-05 ... 4.40347008e-02
 4.24483195e-02 3.85865979e-02]"
Time to Spare - An Jone,[0.13253601 0.18842903 0.21639182 ... 0.08202752 0.09158694 0.0833336 ]
To Loom Is to Love - Mini Vandals,"[9.9610472e-05 2.8547537e-04 4.6027065e-04 ... 7.6737083e-02 7.4250236e-02
 6.0916785e-02]"
To Loom Is to Love - The Mini Vandals,"[9.9610472e-05 2.8547537e-04 4.6027065e-04 ... 7.6737083e-02 7.4250236e-02
 6.0916785e-02]"
Tough - NEFFEX,[0.06907636 0.09755187 0.11711614 ... 0.47018394 0.46987042 0.429807  ]
Tough - NEFFEX,[0.308291   0.38345176 0.44081786 ... 0.18124129 0.18081586 0.16105059]
Travel Nonstop - Squadda B,[0.00131419 0.00181579 0.00207609 ... 0.19998617 0.18920131 0.1626511 ]
Tropic Fuse - French Fuse,"[6.6586686e-06 1.3633708e-05 2.1676431e-05 ... 1.6207077e-01 1.6025467e-01
 1.2992932e-01]"
URL Melt - Unicorn Heads,[0.3161127  0.39255112 0.43619257 ... 0.02220481 0.01856769 0.01569162]
URL Melt - Unicorn Heads,[0.1425929  0.15892076 0.16792773 ... 0.05160981 0.04771942 0.03825856]
URL Melt - Unicorn Heads,[0.04874848 0.06725217 0.08441362 ... 0.07031008 0.07059012 0.05994273]
URL Melt - Unicorn Heads,[0.04947387 0.05851223 0.06718264 ... 0.05250236 0.04878368 0.03337552]
URL Melt - Unicorn Heads,[0.15333258 0.22085367 0.27953482 ... 0.05514647 0.05421732 0.04652208]
URL Melt - Unicorn Heads,[0.03513361 0.0423624  0.0496022  ... 0.06453339 0.0635276  0.04858027]
URL Melt - Unicorn Heads,[0.14095417 0.19551325 0.21882766 ... 0.14630884 0.13390747 0.11497568]
URL Melt - Unicorn Heads,[0.07990599 0.08969218 0.10066278 ... 0.11950115 0.11627359 0.09944934]
URL Melt - Unicorn Heads,[0.07170594 0.0811097  0.09019954 ... 0.01127828 0.01157122 0.01018144]
Vaquero Perdido - Mini Vandals,[0.00136341 0.00156693 0.00174165 ... 0.07848923 0.08499427 0.06924092]
Vaquero Perdido - Mini Vandals,[0.04088543 0.04894042 0.05435907 ... 0.06278136 0.07113144 0.06896082]
Vaquero Perdido - The Mini Vandals,[0.00136341 0.00156693 0.00174165 ... 0.07848923 0.08499427 0.06924092]
Vaquero Perdido - The Mini Vandals,[0.04088543 0.04894042 0.05435907 ... 0.06278136 0.07113144 0.06896082]
Vespers on the Shore - Mini Vandals,"[5.8618978e-05 1.1983184e-04 2.0596579e-04 ... 1.2173271e-02 1.2271739e-02
 1.0745266e-02]"
Vespers on the Shore - Mini Vandals,[0.00940573 0.01111476 0.01267161 ... 0.02526458 0.02406102 0.02041733]
Vespers on the Shore - The Mini Vandals,"[5.8618978e-05 1.1983184e-04 2.0596579e-04 ... 1.2173271e-02 1.2271739e-02
 1.0745266e-02]"
Vespers on the Shore - The Mini Vandals,[0.00940573 0.01111476 0.01267161 ... 0.02526458 0.02406102 0.02041733]
Voices - Patrick Patrikios,"[1.26135827e-04 8.32795948e-02 1.24841295e-01 ... 1.87005728e-01
 1.91658065e-01 1.65965810e-01]"
Voices - Patrick Patrikios,[0.1449448  0.16356544 0.22226794 ... 0.16821402 0.16456337 0.14204425]
Watch Your Back - Jeremy Black,[0.00127077 0.0015495  0.00176118 ... 0.1667423  0.14997993 0.12475363]
Watch Your Back - Jeremy Black,[0.34473825 0.35790682 0.3771954  ... 0.14758211 0.15097871 0.11857945]
Watch Your Back - Jeremy Black,[0.16540611 0.23294264 0.2607228  ... 0.16594215 0.14941722 0.1239833 ]
Watch Your Back - Jeremy Black,[0.34272987 0.35321325 0.37338096 ... 0.16840433 0.1510774  0.12558872]
We Bubbles - Freedom Trail Studio,"[2.3736722e-05 3.0515715e-05 3.7388410e-05 ... 1.5194547e-01 1.4239322e-01
 1.3199998e-01]"
We Bubbles - Freedom Trail Studio,[0.11343984 0.13250326 0.14921583 ... 0.19446631 0.18471093 0.17411466]
West Bad - Jeremy Black,"[5.9654216e-05 6.9943249e-05 7.8560275e-05 ... 3.9816957e-02 3.3749033e-02
 2.7889641e-02]"
West Bad - Jeremy Black,[0.12304935 0.13896903 0.1491083  ... 0.08249809 0.0736844  0.0594219 ]
West Bad - Jeremy Black,[0.05354774 0.06121258 0.06491916 ... 0.17864683 0.17374732 0.16393235]
Who Do You Think I Think You Are,[0.00189002 0.00488307 0.00550608 ... 0.09741479 0.09719738 0.08531352]
Who Do You Think I Think You Are,[0.07061157 0.08890852 0.10184934 ... 0.07145838 0.07241198 0.06427278]
Would it Kill You,"[4.1592939e-05 7.6273078e-05 1.1279139e-04 ... 2.5055924e-01 2.6043731e-01
 2.2294389e-01]"
Yah Ribon - E's Jammy Jams,"[7.4788986e-06 9.7838802e-06 1.3934745e-05 ... 1.7525361e-01 1.6351414e-01
 1.4417402e-01]"
Yah Ribon - E's Jammy Jams,[0.11960461 0.13871175 0.15946826 ... 0.12918179 0.12913255 0.10991067]
Yah Ribon - E's Jammy Jams,[0.0770522  0.1049431  0.11628997 ... 0.15406334 0.15010771 0.13200997]
Yah Ribon - E's Jammy Jams,[0.10303403 0.13532087 0.16736077 ... 0.12093946 0.10084187 0.07494044]
Yismach Chatoni - E's Jammy Jams,"[4.1417639e-05 5.8939080e-05 7.3545853e-05 ... 2.4624324e-01 2.1682985e-01
 1.7113049e-01]"
Yismach Chatoni - E's Jammy Jams,[0.09308688 0.10749104 0.11455864 ... 0.13965935 0.1300421  0.11103979]
YOASOBI - 夜に駆ける (밤을 달리다) [한국어 자막 - 가사 번역] (320  kbps) (savefrom.kr),[0.         0.         0.         ... 0.39529702 0.41447294 0.34627852]
YOASOBI - 夜に駆ける (밤을 달리다) [한국어 자막 - 가사 번역] (320  kbps) (savefrom.kr),[0.19571012 0.23431365 0.2832622  ... 0.3411267  0.36662367 0.33606133]
YOASOBI - 夜に駆ける (밤을 달리다) [한국어 자막 - 가사 번역] (320  kbps) (savefrom.kr),[0.24528794 0.30412346 0.3416848  ... 0.38969937 0.38526535 0.32797286]
YOASOBI - 夜に駆ける (밤을 달리다) [한국어 자막 - 가사 번역] (320  kbps) (savefrom.kr),[0.2567086  0.31784412 0.36606944 ... 0.35305548 0.32921532 0.29026502]
YOASOBI - 夜に駆ける - THE HOME TAKE (320  kbps) (savefrom.kr) (1),"[4.6910263e-05 5.0777115e-04 7.1610446e-04 ... 2.7392861e-01 2.6237148e-01
 2.2798114e-01]"
YOASOBI - 夜に駆ける - THE HOME TAKE (320  kbps) (savefrom.kr) (1),[0.22000495 0.26020312 0.30689773 ... 0.39912456 0.37425137 0.32929894]
YOASOBI - 夜に駆ける - THE HOME TAKE (320  kbps) (savefrom.kr) (1),[0.26581863 0.3171978  0.34954154 ... 0.28036788 0.2592214  0.2220824 ]
YOASOBI - 夜に駆ける - THE HOME TAKE (320  kbps) (savefrom.kr) (1),[0.22089832 0.25125435 0.30689654 ... 0.17920665 0.17228064 0.14965522]
Yoga Style - Chris Haugen,"[1.1582334e-05 1.4885417e-05 1.7425773e-05 ... 6.6453844e-02 5.6948334e-02
 4.4739548e-02]"
Yoga Style - Chris Haugen,[0.03482897 0.0483942  0.05747221 ... 0.03028555 0.03661697 0.03294252]
Your Love - Yung Logos,[0.04411085 0.08069412 0.10465966 ... 0.13643724 0.13110916 0.11453738]
Your Love - Yung Logos,[0.10783163 0.14251412 0.15048508 ... 0.13384506 0.12917374 0.10350485]
Zula - Mini Vandals,"[1.2945053e-05 1.5929501e-05 1.8486282e-05 ... 2.9683197e-01 2.8172699e-01
 2.3944348e-01]"
Zula - Mini Vandals,[0.16177958 0.19834329 0.22281419 ... 0.08358748 0.0804273  0.06614091]
[STAR ZOOM IN] IU - The Red Shoes ★Halloween Stage★ [M COUNTDOWN EP.355] 151022 EP.37 (320  kbps) (savefrom.kr),[0.         0.         0.         ... 0.17911753 0.19896181 0.18438587]
[STAR ZOOM IN] IU - The Red Shoes ★Halloween Stage★ [M COUNTDOWN EP.355] 151022 EP.37 (320  kbps) (savefrom.kr),[0.15062724 0.17140111 0.19421934 ... 0.12324941 0.12829407 0.11620945]
[STAR ZOOM IN] IU - The Red Shoes ★Halloween Stage★ [M COUNTDOWN EP.355] 151022 EP.37 (320  kbps) (savefrom.kr),[0.07398023 0.08735164 0.09985881 ... 0.09808423 0.09517024 0.0826328 ]
[STAR ZOOM IN] IU - The Red Shoes ★Halloween Stage★ [M COUNTDOWN EP.355] 151022 EP.37 (320  kbps) (savefrom.kr),[0.09248575 0.11026685 0.13373283 ... 0.12773299 0.11009492 0.09487395]
[TJ노래방 - 남자키] 분홍신 - IU - TJ Karaoke (320  kbps) (savefrom.kr),"[0.0000000e+00 0.0000000e+00 3.4770699e-06 ... 1.8725421e-01 1.9538449e-01
 1.8639930e-01]"
[TJ노래방 - 남자키] 분홍신 - IU - TJ Karaoke (320  kbps) (savefrom.kr),[0.07068812 0.08393376 0.09373944 ... 0.15299907 0.19605996 0.19081388]
[TJ노래방 - 남자키] 분홍신 - IU - TJ Karaoke (320  kbps) (savefrom.kr),[0.11569063 0.13365045 0.15205827 ... 0.08857894 0.09204499 0.08319816]
[TJ노래방 - 남자키] 분홍신 - IU - TJ Karaoke (320  kbps) (savefrom.kr),[0.05171079 0.06443574 0.07759292 ... 0.12411167 0.11756238 0.09776204]
[TJ노래방] 야생화 - 박효신 (Wild Flower - Park Hyo Shin) - TJ Karaoke (320  kbps) (savefrom.kr),[0.         0.         0.         ... 0.04973116 0.047288   0.04034156]
[TJ노래방] 야생화 - 박효신 (Wild Flower - Park Hyo Shin) - TJ Karaoke (320  kbps) (savefrom.kr),[0.03944996 0.04708857 0.05396446 ... 0.13524818 0.13645492 0.11748112]
[TJ노래방] 야생화 - 박효신 (Wild Flower - Park Hyo Shin) - TJ Karaoke (320  kbps) (savefrom.kr),[0.08761821 0.1084885  0.1200513  ... 0.132151   0.12360369 0.10894041]
[TJ노래방] 야생화 - 박효신 (Wild Flower - Park Hyo Shin) - TJ Karaoke (320  kbps) (savefrom.kr),[0.12673178 0.1404784  0.15719043 ... 0.13618183 0.13066928 0.11938754]
[TJ노래방] 야생화 - 박효신 (Wild Flower - Park Hyo Shin) - TJ Karaoke (320  kbps) (savefrom.kr),[0.09219737 0.11548973 0.13546026 ... 0.08843781 0.0847044  0.07676035]
[로스트아크 l OST] 몽환의 아스탤지어(유저피셜 찬미버전) - Astalgia of Phantasm -LOST ARK Official Soundtrack (320  kbps) (savefrom.kr),[0.         0.         0.00021558 ... 0.16320634 0.17275853 0.1557219 ]
[로스트아크 l OST] 몽환의 아스탤지어(유저피셜 찬미버전) - Astalgia of Phantasm -LOST ARK Official Soundtrack (320  kbps) (savefrom.kr),[0.11194774 0.1408484  0.16434075 ... 0.17137194 0.16704375 0.14032951]
[로스트아크 l OST] 몽환의 아스탤지어(유저피셜 찬미버전) - Astalgia of Phantasm -LOST ARK Official Soundtrack (320  kbps) (savefrom.kr),[0.1205277  0.15611224 0.1793212  ... 0.19452089 0.20306456 0.1836561 ]
[로스트아크 l OST] 몽환의 아스탤지어(유저피셜 찬미버전) - Astalgia of Phantasm -LOST ARK Official Soundtrack (320  kbps) (savefrom.kr),[0.1620389  0.19319199 0.20278737 ... 0.2284906  0.22092226 0.18265413]
[로스트아크 l OST] 몽환의 아스탤지어(유저피셜 찬미버전) - Astalgia of Phantasm -LOST ARK Official Soundtrack (320  kbps) (savefrom.kr),[0.15421084 0.18861692 0.22795625 ... 0.14345789 0.15465221 0.1277206 ]
분홍신 4키 다운,[0.         0.         0.         ... 0.10725261 0.11206239 0.09835196]
분홍신 4키 다운,[0.11568018 0.19559325 0.22908159 ... 0.20014125 0.18705839 0.16295254]
분홍신 4키 다운,[0.16515931 0.19271691 0.21247405 ... 0.09865662 0.11501551 0.10879702]
분홍신 4키 다운,[0.16985297 0.18766047 0.20701101 ... 0.11303329 0.11083347 0.0982186 ]
야생화 -2키 ,[0.         0.         0.         ... 0.02734567 0.02646214 0.0223424 ]
야생화 -2키 ,[0.01733076 0.02090305 0.02391312 ... 0.12778528 0.12423331 0.10532179]
야생화 -2키 ,[0.08849357 0.11325026 0.12953976 ... 0.15437473 0.14748216 0.13176526]
야생화 -2키 ,[0.1060489  0.127441   0.14804347 ... 0.09798683 0.10178945 0.08418073]
야생화 -2키 ,[0.06552894 0.08595394 0.11488206 ... 0.13332073 0.141751   0.12749064]